t_s,tx
0,700
1.04166666666667e-05,494.974746830583
2.08333333333333e-05,4.28626379701574e-14
3.125e-05,-494.974746830583
4.16666666666667e-05,-700
5.20833333333333e-05,-494.974746830583
6.25e-05,-1.28587913910472e-13
7.29166666666667e-05,494.974746830583
8.33333333333333e-05,700
9.375e-05,494.974746830583
0.000104166666666667,2.14313189850787e-13
0.000114583333333333,-494.974746830583
0.000125,-696.629308670538
0.000135416666666667,-541.107317353916
0.000145833333333333,-68.6119982306927
0.00015625,444.075298914552
0.000166666666666667,696.629308670538
0.000177083333333333,541.107317353916
0.0001875,68.6119982306928
0.000197916666666667,-444.075298914551
0.000208333333333333,-696.629308670538
0.00021875,-541.107317353916
0.000229166666666667,-68.6119982306941
0.000239583333333333,444.075298914551
0.00025,696.629308670538
0.000260416666666667,541.107317353916
0.000270833333333333,68.6119982306942
0.00028125,-444.075298914551
0.000291666666666667,-696.629308670538
0.000302083333333333,-541.107317353916
0.0003125,-68.6119982306918
0.000322916666666667,444.075298914551
0.000333333333333333,696.629308670538
0.00034375,541.107317353918
0.000354166666666667,68.6119982306919
0.000364583333333333,-444.075298914551
0.000375,-646.7156727579
0.000385416666666667,-646.715672757901
0.000395833333333333,-267.878402655565
0.00040625,267.878402655561
0.000416666666666667,646.7156727579
0.000427083333333333,646.715672757902
0.0004375,267.878402655563
0.000447916666666667,-267.878402655561
0.000458333333333333,-646.715672757899
0.00046875,-646.715672757901
0.000479166666666667,-267.878402655565
0.000489583333333333,267.878402655559
0.0005,646.7156727579
0.000510416666666667,646.715672757902
0.000520833333333333,267.878402655563
0.00053125,-267.878402655561
0.000541666666666667,-646.715672757899
0.000552083333333333,-646.715672757901
0.0005625,-267.878402655565
0.000572916666666667,267.878402655563
0.000583333333333333,646.7156727579
0.00059375,646.715672757902
0.000604166666666667,267.878402655563
0.000614583333333333,-267.878402655561
0.000625,-444.075298914553
0.000635416666666667,-696.629308670537
0.000645833333333333,-541.107317353917
0.00065625,-68.6119982306919
0.000666666666666667,444.075298914551
0.000677083333333333,696.629308670538
0.0006875,541.107317353919
0.000697916666666667,68.6119982306944
0.000708333333333333,-444.075298914553
0.00071875,-696.629308670538
0.000729166666666667,-541.107317353918
0.000739583333333333,-68.611998230697
0.00075,444.075298914551
0.000760416666666667,696.629308670538
0.000770833333333333,541.107317353916
0.00078125,68.6119982306946
0.000791666666666667,-444.075298914549
0.000802083333333333,-696.629308670538
0.0008125,-541.107317353918
0.000822916666666667,-68.6119982306922
0.000833333333333333,444.075298914551
0.00084375,696.629308670537
0.000854166666666667,541.107317353919
0.000864583333333333,68.6119982306997
0.000875,-7.29531418383899e-13
0.000885416666666667,-494.974746830582
0.000895833333333333,-700
0.00090625,-494.974746830587
0.000916666666666667,-6.81689258303747e-12
0.000927083333333333,494.974746830584
0.0009375,700
0.000947916666666667,494.974746830585
0.000958333333333333,4.41571828381743e-12
0.00096875,-494.974746830579
0.000979166666666667,-700
0.000989583333333333,-494.974746830583
0.001,-2.0145439845974e-12
0.00101041666666667,494.974746830581
0.00102083333333333,700
0.00103125,494.974746830582
0.00104166666666667,-3.8663031462264e-13
0.00105208333333333,-494.974746830575
0.0010625,-700
0.00107291666666667,-494.974746830587
0.00108333333333333,-7.15979368679873e-12
0.00109375,494.974746830584
0.00110416666666667,700
0.00111458333333333,494.974746830585
0.001125,541.107317353919
0.00113541666666667,68.6119982306892
0.00114583333333333,-444.075298914553
0.00115625,-696.629308670537
0.00116666666666667,-541.107317353917
0.00117708333333333,-68.6119982306967
0.0011875,444.075298914547
0.00119791666666667,696.629308670537
0.00120833333333333,541.107317353916
0.00121875,68.6119982306943
0.00122916666666667,-444.075298914549
0.00123958333333333,-696.629308670538
0.00125,-541.107317353914
0.00126041666666667,-68.6119982307018
0.00127083333333333,444.075298914543
0.00128125,696.629308670538
0.00129166666666667,541.107317353919
0.00130208333333333,68.6119982306994
0.0013125,-444.075298914553
0.00132291666666667,-696.629308670538
0.00133333333333333,-541.107317353918
0.00134375,-68.6119982306971
0.00135416666666667,444.075298914554
0.00136458333333333,696.629308670537
0.001375,646.715672757897
0.00138541666666667,646.715672757902
0.00139583333333333,267.878402655567
0.00140625,-267.878402655557
0.00141666666666667,-646.715672757902
0.00142708333333333,-646.715672757901
0.0014375,-267.878402655564
0.00144791666666667,267.87840265555
0.00145833333333333,646.715672757899
0.00146875,646.715672757904
0.00147916666666667,267.878402655571
0.00148958333333333,-267.878402655562
0.0015,-646.7156727579
0.00151041666666667,-646.715672757903
0.00152083333333333,-267.878402655569
0.00153125,267.878402655564
0.00154166666666667,646.715672757901
0.00155208333333333,646.715672757906
0.0015625,267.878402655567
0.00157291666666667,-267.878402655557
0.00158333333333333,-646.715672757898
0.00159375,-646.715672757905
0.00160416666666667,-267.878402655565
0.00161458333333333,267.878402655559
0.001625,-68.6119982306979
0.00163541666666667,444.075298914554
0.00164583333333333,696.629308670538
0.00165625,541.107317353923
0.00166666666666667,68.6119982306955
0.00167708333333333,-444.075298914548
0.0016875,-696.629308670537
0.00169791666666667,-541.107317353921
0.00170833333333333,-68.611998230703
0.00171875,444.075298914542
0.00172916666666667,696.629308670536
0.00173958333333333,541.107317353914
0.00175,68.6119982306907
0.00176041666666667,-444.075298914552
0.00177083333333333,-696.629308670538
0.00178125,-541.107317353918
0.00179166666666667,-68.6119982306982
0.00180208333333333,444.075298914546
0.0018125,696.629308670537
0.00182291666666667,541.107317353923
0.00183333333333333,68.6119982307057
0.00184375,-444.07529891454
0.00185416666666667,-696.629308670538
0.00186458333333333,-541.107317353915
0.001875,-700
0.00188541666666667,-494.974746830585
0.00189583333333333,-4.97249929098387e-12
0.00190625,494.974746830579
0.00191666666666667,700
0.00192708333333333,494.974746830591
0.0019375,1.25189232924052e-11
0.00194791666666667,-494.974746830573
0.00195833333333333,-700
0.00196875,-494.974746830582
0.00197916666666667,-1.70150692543794e-13
0.00198958333333333,494.974746830582
0.002,700
0.00201041666666667,494.974746830573
0.00202083333333333,7.71657469396516e-12
0.00203125,-494.974746830577
0.00204166666666667,-700
0.00205208333333333,-494.974746830593
0.0020625,4.63219790589628e-12
0.00207291666666667,494.974746830571
0.00208333333333333,700
0.00209375,494.974746830584
0.00210416666666667,2.28094226968079e-11
0.00211458333333333,-494.97474683058
0.002125,68.6119982306988
0.00213541666666667,-444.075298914545
0.00214583333333333,-696.629308670537
0.00215625,-541.107317353911
0.00216666666666667,-68.6119982307063
0.00217708333333333,444.075298914555
0.0021875,696.629308670538
0.00219791666666667,541.107317353916
0.00220833333333333,68.611998230694
0.00221875,-444.075298914534
0.00222916666666667,-696.629308670537
0.00223958333333333,-541.107317353921
0.00225,-68.6119982307015
0.00226041666666667,444.075298914543
0.00227083333333333,696.629308670538
0.00228125,541.107317353925
0.00229166666666667,68.6119982306893
0.00230208333333333,-444.075298914553
0.0023125,-696.629308670536
0.00232291666666667,-541.107317353917
0.00233333333333333,-68.6119982306968
0.00234375,444.075298914547
0.00235416666666667,696.629308670537
0.00236458333333333,541.107317353922
0.002375,646.715672757896
0.00238541666666667,646.715672757899
0.00239583333333333,267.878402655578
0.00240625,-267.878402655546
0.00241666666666667,-646.715672757901
0.00242708333333333,-646.715672757909
0.0024375,-267.878402655566
0.00244791666666667,267.878402655558
0.00245833333333333,646.715672757898
0.00246875,646.715672757904
0.00247916666666667,267.878402655555
0.00248958333333333,-267.878402655551
0.0025,-646.715672757903
0.00251041666666667,-646.7156727579
0.00252083333333333,-267.87840265558
0.00253125,267.878402655562
0.00254166666666667,646.715672757892
0.00255208333333333,646.715672757903
0.0025625,267.878402655569
0.00257291666666667,-267.878402655555
0.00258333333333333,-646.715672757897
0.00259375,-646.715672757898
0.00260416666666667,-267.878402655576
0.00261458333333333,267.878402655548
0.002625,-541.107317353915
0.00263541666666667,-68.611998230712
0.00264583333333333,444.075298914551
0.00265625,696.629308670538
0.00266666666666667,541.107317353919
0.00267708333333333,68.6119982306998
0.0026875,-444.075298914545
0.00269791666666667,-696.629308670537
0.00270833333333333,-541.107317353912
0.00271875,-68.6119982307072
0.00272916666666667,444.075298914539
0.00273958333333333,696.629308670538
0.00275,541.107317353929
0.00276041666666667,68.611998230695
0.00277083333333333,-444.075298914548
0.00278125,-696.629308670537
0.00279166666666667,-541.107317353921
0.00280208333333333,-68.6119982306827
0.0028125,444.075298914543
0.00282291666666667,696.629308670536
0.00283333333333333,541.107317353913
0.00284375,68.61199823071
0.00285416666666667,-444.075298914552
0.00286458333333333,-696.629308670536
0.002875,3.04238072298995e-12
0.00288541666666667,-494.97474683058
0.00289583333333333,-700
0.00290625,-494.974746830589
0.00291666666666667,-1.05888047244113e-11
0.00292708333333333,494.974746830574
0.0029375,700
0.00294791666666667,494.974746830581
0.00295833333333333,1.81352287258327e-11
0.00296875,-494.974746830583
0.00297916666666667,-700
0.00298958333333333,-494.974746830586
0.003,-5.78645612597124e-12
0.00301041666666667,494.974746830592
0.00302083333333333,700
0.00303125,494.974746830591
0.00304166666666667,1.33328801273926e-11
0.00305208333333333,-494.974746830572
0.0030625,-700
0.00307291666666667,-494.974746830597
0.00308333333333333,-9.84107527531172e-13
0.00309375,494.974746830581
0.00310416666666667,700
0.00311458333333333,494.974746830588
0.003125,444.075298914545
0.00313541666666667,696.629308670537
0.00314583333333333,541.107317353924
0.00315625,68.6119982306871
0.00316666666666667,-444.075298914539
0.00317708333333333,-696.629308670538
0.0031875,-541.107317353929
0.00319791666666667,-68.6119982306945
0.00320833333333333,444.075298914549
0.00321875,696.629308670535
0.00322916666666667,541.107317353921
0.00323958333333333,68.6119982307021
0.00325,-444.075298914543
0.00326041666666667,-696.629308670536
0.00327083333333333,-541.107317353913
0.00328125,-68.6119982307096
0.00329166666666667,444.075298914552
0.00330208333333333,696.629308670538
0.0033125,541.10731735393
0.00332291666666667,68.6119982306972
0.00333333333333333,-444.075298914547
0.00334375,-696.629308670537
0.00335416666666667,-541.107317353923
0.00336458333333333,-68.6119982307048
0.003375,-646.715672757896
0.00338541666666667,-646.715672757899
0.00339583333333333,-267.878402655578
0.00340625,267.878402655564
0.00341666666666667,646.715672757893
0.00342708333333333,646.715672757902
0.0034375,267.878402655585
0.00344791666666667,-267.878402655557
0.00345833333333333,-646.71567275789
0.00346875,-646.715672757904
0.00347916666666667,-267.878402655555
0.00348958333333333,267.87840265555
0.0035,646.715672757902
0.00351041666666667,646.715672757907
0.00352083333333333,267.878402655562
0.00353125,-267.878402655543
0.00354166666666667,-646.715672757899
0.00355208333333333,-646.71567275791
0.0035625,-267.878402655569
0.00357291666666667,267.878402655536
0.00358333333333333,646.715672757897
0.00359375,646.715672757898
0.00360416666666667,267.878402655576
0.00361458333333333,-267.878402655566
0.003625,696.629308670536
0.00363541666666667,541.107317353917
0.00364583333333333,68.6119982307151
0.00365625,-444.075298914548
0.00366666666666667,-696.629308670535
0.00367708333333333,-541.107317353921
0.0036875,-68.6119982307226
0.00369791666666667,444.075298914542
0.00370833333333333,696.629308670538
0.00371875,541.107317353926
0.00372916666666667,68.6119982306906
0.00373958333333333,-444.075298914537
0.00375,-696.629308670538
0.00376041666666667,-541.107317353931
0.00377083333333333,-68.6119982306981
0.00378125,444.075298914531
0.00379166666666667,696.629308670537
0.00380208333333333,541.107317353911
0.0038125,68.6119982307056
0.00382291666666667,-444.075298914556
0.00383333333333333,-696.629308670536
0.00384375,-541.107317353915
0.00385416666666667,-68.6119982307131
0.00386458333333333,444.07529891455
0.003875,-700
0.00388541666666667,-494.974746830588
0.00389583333333333,-2.84681574817599e-11
0.00390625,494.974746830576
0.00391666666666667,700
0.00392708333333333,494.974746830565
0.0039375,-3.77581171938435e-12
0.00394791666666667,-494.974746830571
0.00395833333333333,-700
0.00396875,-494.974746830599
0.00397916666666667,-3.77061228203701e-12
0.00398958333333333,494.974746830593
0.004,700
0.00401041666666667,494.974746830604
0.00402083333333333,-2.84733569191072e-11
0.00403125,-494.974746830588
0.00404166666666667,-700
0.00405208333333333,-494.974746830581
0.0040625,-1.88634602848797e-11
0.00407291666666667,494.974746830583
0.00408333333333333,700
0.00409375,494.974746830587
0.00410416666666667,2.64098842863011e-11
0.00411458333333333,-494.974746830549
0.004125,696.629308670539
0.00413541666666667,541.107317353923
0.00414583333333333,68.6119982307259
0.00415625,-444.07529891454
0.00416666666666667,-696.629308670538
0.00417708333333333,-541.107317353928
0.0041875,-68.6119982306938
0.00419791666666667,444.075298914534
0.00420833333333333,696.629308670533
0.00421875,541.107317353908
0.00422916666666667,68.6119982307013
0.00423958333333333,-444.075298914528
0.00425,-696.629308670537
0.00426041666666667,-541.107317353913
0.00427083333333333,-68.6119982307088
0.00428125,444.075298914553
0.00429166666666667,696.629308670536
0.00430208333333333,541.107317353943
0.0043125,68.6119982306767
0.00432291666666667,-444.075298914547
0.00433333333333333,-696.629308670535
0.00434375,-541.107317353922
0.00435416666666667,-68.6119982306843
0.00436458333333333,444.075298914541
0.004375,-646.715672757903
0.00438541666666667,-646.715672757907
0.00439583333333333,-267.878402655562
0.00440625,267.878402655544
0.00441666666666667,646.7156727579
0.00442708333333333,646.71567275791
0.0044375,267.878402655605
0.00444791666666667,-267.878402655574
0.00445833333333333,-646.715672757897
0.00446875,-646.715672757913
0.00447916666666667,-267.878402655575
0.00448958333333333,267.878402655567
0.0045,646.715672757894
0.00451041666666667,646.715672757901
0.00452083333333333,267.878402655582
0.00453125,-267.878402655523
0.00454166666666667,-646.715672757906
0.00455208333333333,-646.715672757903
0.0045625,-267.878402655589
0.00457291666666667,267.878402655553
0.00458333333333333,646.715672757903
0.00459375,646.715672757906
0.00460416666666667,267.87840265556
0.00461458333333333,-267.878402655546
0.004625,444.075298914522
0.00463541666666667,696.62930867054
0.00464583333333333,541.107317353918
0.00465625,68.6119982307168
0.00466666666666667,-444.075298914547
0.00467708333333333,-696.629308670539
0.0046875,-541.107317353922
0.00469791666666667,-68.6119982306847
0.00470833333333333,444.075298914541
0.00471875,696.629308670534
0.00472916666666667,541.107317353927
0.00473958333333333,68.6119982306923
0.00475,-444.075298914535
0.00476041666666667,-696.629308670534
0.00477083333333333,-541.107317353907
0.00478125,-68.6119982306998
0.00479166666666667,444.075298914529
0.00480208333333333,696.629308670537
0.0048125,541.107317353937
0.00482291666666667,68.6119982307072
0.00483333333333333,-444.075298914554
0.00484375,-696.629308670536
0.00485416666666667,-541.107317353942
0.00486458333333333,-68.6119982306752
0.004875,7.71484154818271e-12
0.00488541666666667,-494.974746830562
0.00489583333333333,-700
0.00490625,-494.974746830579
0.00491666666666667,-1.52612655496041e-11
0.00492708333333333,494.974746830585
0.0049375,700
0.00494791666666667,494.974746830612
0.00495833333333333,-1.69827036515402e-11
0.00496875,-494.97474683058
0.00497916666666667,-700
0.00498958333333333,-494.974746830589
0.005,9.4362796501188e-12
0.00501041666666667,494.974746830575
0.00502083333333333,700
0.00503125,494.974746830595
0.00504166666666667,3.79005375538682e-11
0.00505208333333333,-494.974746830569
0.0050625,-700
0.00507291666666667,-494.9747468306
0.00508333333333333,-4.54469615552895e-11
0.00509375,494.974746830592
0.00510416666666667,700
0.00511458333333333,494.974746830605
0.005125,-541.107317353923
0.00513541666666667,-68.611998230725
0.00514583333333333,444.07529891454
0.00515625,696.629308670538
0.00516666666666667,541.107317353928
0.00517708333333333,68.6119982307326
0.0051875,-444.075298914565
0.00519791666666667,-696.629308670537
0.00520833333333333,-541.107317353932
0.00521875,-68.6119982307005
0.00522916666666667,444.075298914529
0.00523958333333333,696.629308670537
0.00525,541.107317353912
0.00526041666666667,68.611998230708
0.00527083333333333,-444.075298914523
0.00528125,-696.62930867054
0.00529166666666667,-541.107317353917
0.00530208333333333,-68.6119982307155
0.0053125,444.075298914548
0.00532291666666667,696.629308670535
0.00533333333333333,541.107317353922
0.00534375,68.6119982306834
0.00535416666666667,-444.075298914542
0.00536458333333333,-696.629308670534
0.005375,646.715672757894
0.00538541666666667,646.715672757901
0.00539583333333333,267.878402655584
0.00540625,-267.878402655522
0.00541666666666667,-646.715672757906
0.00542708333333333,-646.715672757904
0.0054375,-267.878402655591
0.00544791666666667,267.878402655552
0.00545833333333333,646.715672757888
0.00546875,646.715672757907
0.00547916666666667,267.878402655561
0.00548958333333333,-267.878402655545
0.0055,-646.715672757885
0.00551041666666667,-646.715672757894
0.00552083333333333,-267.878402655568
0.00553125,267.878402655538
0.00554166666666667,646.715672757897
0.00555208333333333,646.715672757913
0.0055625,267.878402655575
0.00557291666666667,-267.878402655568
0.00558333333333333,-646.715672757894
0.00559375,-646.715672757915
0.00560416666666667,-267.878402655545
0.00561458333333333,267.878402655561
0.005625,68.6119982307134
0.00563541666666667,-444.075298914549
0.00564583333333333,-696.629308670535
0.00565625,-541.10731735392
0.00566666666666667,-68.6119982306813
0.00567708333333333,444.075298914544
0.0056875,696.629308670535
0.00569791666666667,541.10731735395
0.00570833333333333,68.6119982306889
0.00571875,-444.075298914538
0.00572916666666667,-696.629308670534
0.00573958333333333,-541.10731735393
0.00575,-68.6119982306964
0.00576041666666667,444.075298914532
0.00577083333333333,696.629308670537
0.00578125,541.107317353935
0.00579166666666667,68.6119982307435
0.00580208333333333,-444.075298914557
0.0058125,-696.629308670536
0.00582291666666667,-541.107317353939
0.00583333333333333,-68.6119982307114
0.00584375,444.075298914551
0.00585416666666667,696.629308670536
0.00586458333333333,541.107317353919
0.005875,-700
0.00588541666666667,-494.97474683059
0.00589583333333333,8.06467523507376e-12
0.00590625,494.974746830574
0.00591666666666667,700
0.00592708333333333,494.974746830568
0.0059375,-5.18251233652395e-13
0.00594791666666667,-494.974746830568
0.00595833333333333,-700
0.00596875,-494.974746830601
0.00597916666666667,-7.02817276776897e-12
0.00598958333333333,494.974746830591
0.006,700
0.00601041666666667,494.974746830606
0.00602083333333333,-2.52157964333753e-11
0.00603125,-494.974746830586
0.00604166666666667,-700
0.00605208333333333,-494.974746830612
0.0060625,-2.21210207706117e-11
0.00607291666666667,494.97474683058
0.00608333333333333,700
0.00609375,494.974746830589
0.00610416666666667,2.96674447720331e-11
0.00611458333333333,-494.974746830547
0.006125,-68.611998230687
0.00613541666666667,444.075298914539
0.00614583333333333,696.629308670534
0.00615625,541.107317353929
0.00616666666666667,68.6119982306945
0.00617708333333333,-444.075298914533
0.0061875,-696.629308670537
0.00619791666666667,-541.107317353933
0.00620833333333333,-68.6119982307416
0.00621875,444.075298914558
0.00622916666666667,696.629308670536
0.00623958333333333,541.107317353938
0.00625,68.6119982307095
0.00626041666666667,-444.075298914552
0.00627083333333333,-696.629308670536
0.00628125,-541.107317353918
0.00629166666666667,-68.611998230717
0.00630208333333333,444.075298914516
0.0063125,696.629308670539
0.00632291666666667,541.107317353923
0.00633333333333333,68.6119982307245
0.00634375,-444.075298914541
0.00635416666666667,-696.629308670538
0.00636458333333333,-541.107317353927
0.006375,646.715672757885
0.00638541666666667,646.715672757909
0.00639583333333333,267.878402655567
0.00640625,-267.878402655539
0.00641666666666667,-646.715672757898
0.00642708333333333,-646.715672757912
0.0064375,-267.87840265561
0.00644791666666667,267.878402655569
0.00645833333333333,646.715672757895
0.00646875,646.715672757915
0.00647916666666667,267.878402655581
0.00648958333333333,-267.878402655562
0.0065,-646.715672757892
0.00651041666666667,-646.715672757903
0.00652083333333333,-267.878402655588
0.00653125,267.878402655518
0.00654166666666667,646.715672757904
0.00655208333333333,646.715672757906
0.0065625,267.878402655595
0.00657291666666667,-267.878402655548
0.00658333333333333,-646.715672757901
0.00659375,-646.715672757908
0.00660416666666667,-267.878402655565
0.00661458333333333,267.878402655541
0.006625,541.107317353942
0.00663541666666667,68.6119982306753
0.00664583333333333,-444.075298914548
0.00665625,-696.629308670535
0.00666666666666667,-541.107317353921
0.00667708333333333,-68.6119982306829
0.0066875,444.075298914542
0.00669791666666667,696.629308670534
0.00670833333333333,541.107317353926
0.00671875,68.6119982307299
0.00672916666666667,-444.075298914537
0.00673958333333333,-696.629308670538
0.00675,-541.107317353931
0.00676041666666667,-68.6119982307375
0.00677083333333333,444.075298914562
0.00678125,696.629308670537
0.00679166666666667,541.107317353936
0.00680208333333333,68.6119982306658
0.0068125,-444.075298914556
0.00682291666666667,-696.629308670536
0.00683333333333333,-541.10731735394
0.00684375,-68.6119982306733
0.00685416666666667,444.07529891455
0.00686458333333333,696.629308670535
0.006875,4.5617545534279e-11
0.00688541666666667,-494.974746830592
0.00689583333333333,-700
0.00690625,-494.974746830605
0.00691666666666667,-5.31639695357003e-11
0.00692708333333333,494.974746830587
0.0069375,700
0.00694791666666667,494.974746830611
0.00695833333333333,-1.88703928680095e-11
0.00696875,-494.974746830581
0.00697916666666667,-700
0.00698958333333333,-494.97474683056
0.007,1.13239688665882e-11
0.00701041666666667,494.974746830576
0.00702083333333333,700
0.00703125,494.974746830565
0.00704166666666667,-3.7775448651668e-12
0.00705208333333333,-494.974746830571
0.0070625,-700
0.00707291666666667,-494.974746830571
0.00708333333333333,-3.76887913625456e-12
0.00709375,494.974746830565
0.00710416666666667,700
0.00711458333333333,494.974746830632
0.007125,-444.07529891454
0.00713541666666667,-696.629308670534
0.00714583333333333,-541.107317353953
0.00715625,-68.6119982306934
0.00716666666666667,444.075298914534
0.00717708333333333,696.629308670534
0.0071875,541.107317353908
0.00719791666666667,68.6119982307009
0.00720833333333333,-444.075298914528
0.00721875,-696.62930867054
0.00722916666666667,-541.107317353912
0.00723958333333333,-68.6119982307084
0.00725,444.075298914523
0.00726041666666667,696.62930867054
0.00727083333333333,541.107317353917
0.00728125,68.6119982307159
0.00729166666666667,-444.075298914517
0.00730208333333333,-696.629308670531
0.0073125,-541.107317353922
0.00732291666666667,-68.6119982307235
0.00733333333333333,444.075298914511
0.00734375,696.62930867053
0.00735416666666667,541.107317353927
0.00736458333333333,68.6119982307309
0.007375,-646.715672757878
0.00738541666666667,-646.715672757901
0.00739583333333333,-267.878402655584
0.00740625,267.878402655521
0.00741666666666667,646.715672757906
0.00742708333333333,646.715672757904
0.0074375,267.878402655591
0.00744791666666667,-267.878402655588
0.00745833333333333,-646.715672757903
0.00746875,-646.715672757907
0.00747916666666667,-267.878402655598
0.00748958333333333,267.878402655581
0.0075,646.7156727579
0.00751041666666667,646.71567275791
0.00752083333333333,267.878402655605
0.00753125,-267.878402655501
0.00754166666666667,-646.715672757897
0.00755208333333333,-646.715672757913
0.0075625,-267.878402655612
0.00757291666666667,267.878402655567
0.00758333333333333,646.715672757894
0.00759375,646.715672757916
0.00760416666666667,267.878402655545
0.00761458333333333,-267.87840265556
0.007625,-696.629308670535
0.00763541666666667,-541.107317353897
0.00764583333333333,-68.6119982306842
0.00765625,444.075298914541
0.00766666666666667,696.629308670534
0.00767708333333333,541.107317353902
0.0076875,68.6119982306918
0.00769791666666667,-444.075298914535
0.00770833333333333,-696.629308670534
0.00771875,-541.107317353957
0.00772916666666667,-68.6119982306993
0.00773958333333333,444.07529891453
0.00775,696.629308670533
0.00776041666666667,541.107317353962
0.00777083333333333,68.6119982307068
0.00778125,-444.075298914524
0.00779166666666667,-696.629308670532
0.00780208333333333,-541.107317353916
0.0078125,-68.6119982307143
0.00782291666666667,444.07529891458
0.00783333333333333,696.629308670531
0.00784375,541.107317353921
0.00785416666666667,68.6119982306426
0.00786458333333333,-444.075298914512
0.007875,-700
0.00788541666666667,-494.974746830594
0.00789583333333333,-3.73835861795526e-11
0.00790625,494.974746830598
0.00791666666666667,700
0.00792708333333333,494.9747468306
0.0079375,4.4930010180974e-11
0.00794791666666667,-494.974746830592
0.00795833333333333,-700
0.00796875,-494.974746830605
0.00797916666666667,2.71043522227359e-11
0.00798958333333333,494.974746830531
0.008,700
0.00801041666666667,494.974746830554
0.00802083333333333,6.00228581838167e-11
0.00803125,-494.974746830582
0.00804166666666667,-700
0.00805208333333333,-494.974746830616
0.0080625,1.20115042198931e-11
0.00807291666666667,494.974746830576
0.00808333333333333,700
0.00809375,494.974746830565
0.00810416666666667,-4.46508021847177e-12
0.00811458333333333,-494.974746830571
0.008125,-696.629308670534
0.00813541666666667,-541.107317353904
0.00814583333333333,-68.6119982306955
0.00815625,444.075298914533
0.00816666666666667,696.629308670533
0.00817708333333333,541.107317353959
0.0081875,68.611998230703
0.00819791666666667,-444.075298914527
0.00820833333333333,-696.629308670533
0.00821875,-541.107317353914
0.00822916666666667,-68.6119982307897
0.00823958333333333,444.075298914521
0.00825,696.62930867054
0.00826041666666667,541.107317353969
0.00827083333333333,68.611998230718
0.00828125,-444.075298914577
0.00829166666666667,-696.629308670531
0.00830208333333333,-541.107317353923
0.0083125,-68.6119982307255
0.00832291666666667,444.075298914509
0.00833333333333333,696.629308670538
0.00834375,541.107317353928
0.00835416666666667,68.611998230733
0.00836458333333333,-444.075298914503
0.008375,-646.715672757899
0.00838541666666667,-646.715672757911
0.00839583333333333,-267.878402655608
0.00840625,267.878402655572
0.00841666666666667,646.715672757865
0.00842708333333333,646.715672757914
0.0084375,267.878402655541
0.00844791666666667,-267.878402655491
0.00845833333333333,-646.715672757893
0.00846875,-646.715672757886
0.00847916666666667,-267.878402655621
0.00848958333333333,267.878402655558
0.0085,646.71567275789
0.00851041666666667,646.715672757919
0.00852083333333333,267.878402655555
0.00853125,-267.878402655551
0.00854166666666667,-646.715672757887
0.00855208333333333,-646.715672757922
0.0085625,-267.878402655562
0.00857291666666667,267.878402655544
0.00858333333333333,646.715672757884
0.00859375,646.715672757895
0.00860416666666667,267.878402655642
0.00861458333333333,-267.878402655537
0.008625,-444.075298914575
0.00863541666666667,-696.629308670531
0.00864583333333333,-541.107317353925
0.00865625,-68.6119982306489
0.00866666666666667,444.075298914507
0.00867708333333333,696.629308670538
0.0086875,541.107317353929
0.00869791666666667,68.6119982307356
0.00870833333333333,-444.075298914563
0.00871875,-696.629308670537
0.00872916666666667,-541.107317353934
0.00873958333333333,-68.6119982307431
0.00875,444.075298914557
0.00876041666666667,696.629308670536
0.00877083333333333,541.107317353939
0.00878125,68.6119982306714
0.00879166666666667,-444.075298914551
0.00880208333333333,-696.629308670535
0.0088125,-541.107317353944
0.00882291666666667,-68.611998230758
0.00883333333333333,444.075298914545
0.00884375,696.629308670535
0.00885416666666667,541.107317353949
0.00886458333333333,68.6119982306864
0.008875,9.53105079672877e-11
0.00888541666666667,-494.974746830557
0.00889583333333333,-700
0.00890625,-494.974746830641
0.00891666666666667,-2.32761455635779e-11
0.00892708333333333,494.974746830608
0.0089375,700
0.00894791666666667,494.97474683059
0.00895833333333333,3.08225695649993e-11
0.00896875,-494.974746830546
0.00897916666666667,-700
0.00898958333333333,-494.974746830595
0.009,-3.83689935664206e-11
0.00901041666666667,494.974746830541
0.00902083333333333,700
0.00903125,494.9747468306
0.00904166666666667,4.5915417567842e-11
0.00905208333333333,-494.974746830592
0.0090625,-700
0.00907291666666667,-494.974746830606
0.00908333333333333,2.61189448358679e-11
0.00909375,494.97474683053
0.00910416666666667,700
0.00911458333333333,494.974746830555
0.009125,541.107317353955
0.00913541666666667,68.6119982306957
0.00914583333333333,-444.075298914532
0.00915625,-696.629308670533
0.00916666666666667,-541.107317353909
0.00917708333333333,-68.6119982307032
0.0091875,444.075298914527
0.00919791666666667,696.629308670532
0.00920833333333333,541.107317353914
0.00921875,68.6119982307107
0.00922916666666667,-444.075298914521
0.00923958333333333,-696.62930867054
0.00925,-541.107317353969
0.00926041666666667,-68.6119982307182
0.00927083333333333,444.075298914576
0.00928125,696.629308670531
0.00929166666666667,541.107317353923
0.00930208333333333,68.6119982306465
0.0093125,-444.075298914509
0.00932291666666667,-696.629308670538
0.00933333333333333,-541.107317353928
0.00934375,-68.6119982307332
0.00935416666666667,444.075298914565
0.00936458333333333,696.629308670537
0.009375,646.715672757891
0.00938541666666667,646.715672757919
0.00939583333333333,267.878402655554
0.00940625,-267.878402655551
0.00941666666666667,-646.715672757888
0.00942708333333333,-646.715672757892
0.0094375,-267.878402655635
0.00944791666666667,267.878402655544
0.00945833333333333,646.715672757885
0.00946875,646.715672757925
0.00947916666666667,267.878402655568
0.00948958333333333,-267.878402655464
0.0095,-646.715672757882
0.00951041666666667,-646.715672757898
0.00952083333333333,-267.878402655649
0.00953125,267.87840265553
0.00954166666666667,646.715672757909
0.00955208333333333,646.715672757931
0.0095625,267.878402655582
0.00957291666666667,-267.878402655523
0.00958333333333333,-646.715672757876
0.00959375,-646.715672757903
0.00960416666666667,-267.878402655589
0.00961458333333333,267.878402655517
0.009625,-68.6119982307637
0.00963541666666667,444.075298914541
0.00964583333333333,696.629308670534
0.00965625,541.107317353952
0.00966666666666667,68.6119982306921
0.00967708333333333,-444.075298914474
0.0096875,-696.629308670534
0.00969791666666667,-541.107317353907
0.00970833333333333,-68.6119982307788
0.00971875,444.075298914529
0.00972916666666667,696.629308670541
0.00973958333333333,541.107317353962
0.00975,68.6119982307071
0.00976041666666667,-444.075298914524
0.00977083333333333,-696.629308670532
0.00978125,-541.107317353916
0.00979166666666667,-68.6119982307146
0.00980208333333333,444.075298914518
0.0098125,696.629308670539
0.00982291666666667,541.107317353921
0.00983333333333333,68.6119982307221
0.00984375,-444.075298914512
0.00985416666666667,-696.629308670538
0.00986458333333333,-541.107317353926
0.009875,-700
0.00988541666666667,-494.974746830569
0.00989583333333333,-8.11173420753727e-11
0.00990625,494.974746830567
0.00991666666666667,700
0.00992708333333333,494.974746830631
0.0099375,9.08297967166285e-12
0.00994791666666667,-494.974746830618
0.00995833333333333,-700
0.00996875,-494.97474683058
0.00997916666666667,-1.66294036730842e-11
0.00998958333333333,494.974746830556
0.01,700
0.0100104166666667,494.974746830585
0.0100208333333333,2.41758276745056e-11
0.01003125,-494.974746830551
0.0100416666666667,-700
0.0100520833333333,-494.97474683059
0.0100625,-3.17222516759269e-11
0.0100729166666667,494.974746830602
0.0100833333333333,700
0.01009375,494.974746830596
0.0101041666666667,3.92686756773483e-11
0.0101145833333333,-494.97474683054
0.010125,68.6119982306954
0.0101354166666667,-444.075298914471
0.0101458333333333,-696.629308670533
0.01015625,-541.107317353909
0.0101666666666667,-68.6119982307821
0.0101770833333333,444.075298914527
0.0101875,696.62930867054
0.0101979166666667,541.107317353964
0.0102083333333333,68.6119982307104
0.01021875,-444.075298914521
0.0102291666666667,-696.629308670532
0.0102395833333333,-541.107317353918
0.01025,-68.6119982307179
0.0102604166666667,444.075298914515
0.0102708333333333,696.629308670531
0.01028125,541.107317353923
0.0102916666666667,68.6119982307254
0.0103020833333333,-444.075298914509
0.0103125,-696.629308670538
0.0103229166666667,-541.107317353978
0.0103333333333333,-68.6119982307329
0.01034375,444.075298914565
0.0103541666666667,696.62930867053
0.0103645833333333,541.107317353933
0.010375,646.715672757913
0.0103854166666667,646.715672757928
0.0103958333333333,267.878402655575
0.01040625,-267.878402655531
0.0104166666666667,-646.715672757879
0.0104270833333333,-646.7156727579
0.0104375,-267.878402655582
0.0104479166666667,267.878402655524
0.0104583333333333,646.715672757876
0.01046875,646.715672757903
0.0104791666666667,267.878402655589
0.0104895833333333,-267.878402655517
0.0105,-646.715672757904
0.0105104166666667,-646.715672757936
0.0105208333333333,-267.878402655596
0.01053125,267.878402655584
0.0105416666666667,646.715672757871
0.0105520833333333,646.715672757909
0.0105625,267.878402655529
0.0105729166666667,-267.878402655503
0.0105833333333333,-646.715672757898
0.01059375,-646.715672757912
0.0106041666666667,-267.878402655609
0.0106145833333333,267.87840265557
0.010625,-541.107317353925
0.0106354166666667,-68.6119982307284
0.0106458333333333,444.075298914507
0.01065625,696.629308670538
0.0106666666666667,541.10731735393
0.0106770833333333,68.6119982307359
0.0106875,-444.075298914563
0.0106979166666667,-696.629308670529
0.0107083333333333,-541.107317353935
0.01071875,-68.6119982306643
0.0107291666666667,444.075298914495
0.0107395833333333,696.629308670536
0.01075,541.107317353939
0.0107604166666667,68.6119982307511
0.0107708333333333,-444.075298914551
0.01078125,-696.629308670528
0.0107916666666667,-541.107317353944
0.0108020833333333,-68.6119982306793
0.0108125,444.075298914484
0.0108229166666667,696.629308670535
0.0108333333333333,541.107317353898
0.01084375,68.611998230766
0.0108541666666667,-444.075298914539
0.0108645833333333,-696.629308670534
0.010875,5.9292026906096e-11
0.0108854166666667,-494.974746830582
0.0108958333333333,-700
0.01090625,-494.974746830615
0.0109166666666667,-6.68384509075174e-11
0.0109270833333333,494.974746830577
0.0109375,700
0.0109479166666667,494.97474683062
0.0109583333333333,-5.1959114961925e-12
0.01096875,-494.974746830515
0.0109791666666667,-700
0.0109895833333333,-494.974746830569
0.011,-8.19312989103601e-11
0.0110104166666667,494.974746830566
0.0110208333333333,700
0.01103125,494.974746830631
0.0110416666666667,9.89693650665023e-12
0.0110520833333333,-494.974746830561
0.0110625,-700
0.0110729166666667,-494.97474683058
0.0110833333333333,-1.74433605080716e-11
0.01109375,494.974746830556
0.0111041666666667,700
0.0111145833333333,494.974746830586
0.011125,444.075298914532
0.0111354166666667,696.629308670533
0.0111458333333333,541.107317353909
0.01115625,68.6119982307826
0.0111666666666667,-444.075298914527
0.0111770833333333,-696.62930867054
0.0111875,-541.107317353964
0.0111979166666667,-68.611998230711
0.0112083333333333,444.075298914582
0.01121875,696.629308670532
0.0112291666666667,541.107317353919
0.0112395833333333,68.6119982307184
0.01125,-444.075298914515
0.0112604166666667,-696.629308670539
0.0112708333333333,-541.107317353923
0.01128125,-68.611998230726
0.0112916666666667,444.075298914509
0.0113020833333333,696.629308670538
0.0113125,541.107317353928
0.0113229166666667,68.6119982307335
0.0113333333333333,-444.075298914565
0.01134375,-696.629308670529
0.0113541666666667,-541.107317353933
0.0113645833333333,-68.6119982306618
0.011375,-646.715672757874
0.0113854166666667,-646.715672757905
0.0113958333333333,-267.878402655667
0.01140625,267.878402655512
0.0114166666666667,646.715672757902
0.0114270833333333,646.715672757938
0.0114375,267.8784026556
0.0114479166666667,-267.878402655579
0.0114583333333333,-646.715672757868
0.01146875,-646.715672757911
0.0114791666666667,-267.878402655607
0.0114895833333333,267.878402655498
0.0115,646.715672757896
0.0115104166666667,646.715672757914
0.0115208333333333,267.878402655614
0.01153125,-267.878402655491
0.0115416666666667,-646.715672757893
0.0115520833333333,-646.715672757917
0.0115625,-267.878402655621
0.0115729166666667,267.878402655558
0.0115833333333333,646.71567275786
0.01159375,646.715672757919
0.0116041666666667,267.878402655555
0.0116145833333333,-267.878402655477
0.011625,696.629308670534
0.0116354166666667,541.107317353902
0.0116458333333333,68.6119982307711
0.01165625,-444.075298914535
0.0116666666666667,-696.629308670534
0.0116770833333333,-541.107317353957
0.0116875,-68.6119982306994
0.0116979166666667,444.07529891453
0.0117083333333333,696.629308670533
0.01171875,541.107317353962
0.0117291666666667,68.6119982307069
0.0117395833333333,-444.075298914524
0.01175,-696.629308670532
0.0117604166666667,-541.107317353916
0.0117708333333333,-68.6119982307144
0.01178125,444.075298914518
0.0117916666666667,696.629308670539
0.0118020833333333,541.107317353971
0.0118125,68.611998230722
0.0118229166666667,-444.075298914574
0.0118333333333333,-696.629308670531
0.01184375,-541.107317353926
0.0118541666666667,-68.6119982306503
0.0118645833333333,444.075298914506
0.011875,-700
0.0118854166666667,-494.9747468306
0.0118958333333333,-4.49274104623003e-11
0.01190625,494.974746830592
0.0119166666666667,700
0.0119270833333333,494.974746830605
0.0119375,5.24738344637217e-11
0.0119479166666667,-494.974746830587
0.0119583333333333,-700
0.01196875,-494.97474683061
0.0119791666666667,1.95605279399882e-11
0.0119895833333333,494.974746830525
0.012,700
0.0120104166666667,494.974746830559
0.0120208333333333,6.75666824665644e-11
0.01203125,-494.974746830576
0.0120416666666667,-700
0.0120520833333333,-494.974746830621
0.0120625,4.46767993714544e-12
0.0120729166666667,494.974746830515
0.0120833333333333,700
0.01209375,494.97474683057
0.0121041666666667,8.26595304694071e-11
0.0121145833333333,-494.974746830566
0.012125,696.629308670533
0.0121354166666667,541.107317353959
0.0121458333333333,68.6119982307027
0.01215625,-444.075298914527
0.0121666666666667,-696.629308670533
0.0121770833333333,-541.107317353964
0.0121875,-68.6119982307102
0.0121979166666667,444.075298914521
0.0122083333333333,696.629308670532
0.01221875,541.107317353918
0.0122291666666667,68.6119982307969
0.0122395833333333,-444.075298914515
0.01225,-696.629308670539
0.0122604166666667,-541.107317353973
0.0122708333333333,-68.6119982307252
0.01228125,444.075298914571
0.0122916666666667,696.62930867053
0.0123020833333333,541.107317353928
0.0123125,68.6119982307327
0.0123229166666667,-444.075298914504
0.0123333333333333,-696.629308670537
0.01234375,-541.107317353933
0.0123541666666667,-68.6119982307402
0.0123645833333333,444.075298914498
0.012375,-646.715672757896
0.0123854166666667,-646.715672757913
0.0123958333333333,-267.878402655613
0.01240625,267.878402655566
0.0124166666666667,646.715672757863
0.0124270833333333,646.715672757916
0.0124375,267.878402655547
0.0124479166666667,-267.878402655485
0.0124583333333333,-646.715672757891
0.01246875,-646.715672757889
0.0124791666666667,-267.878402655627
0.0124895833333333,267.878402655552
0.0125,646.715672757888
0.0125104166666667,646.715672757922
0.0125208333333333,267.878402655561
0.01253125,-267.878402655545
0.0125416666666667,-646.715672757885
0.0125520833333333,-646.715672757925
0.0125625,-267.878402655568
0.0125729166666667,267.878402655538
0.0125833333333333,646.715672757882
0.01259375,646.715672757897
0.0126041666666667,267.878402655648
0.0126145833333333,-267.878402655531
0.012625,444.075298914571
0.0126354166666667,696.62930867053
0.0126458333333333,541.107317353928
0.01265625,68.611998230654
0.0126666666666667,-444.075298914503
0.0126770833333333,-696.629308670537
0.0126875,-541.107317353933
0.0126979166666667,-68.6119982307407
0.0127083333333333,444.075298914559
0.01271875,696.629308670529
0.0127291666666667,541.107317353938
0.0127395833333333,68.6119982306691
0.01275,-444.075298914492
0.0127604166666667,-696.629308670536
0.0127708333333333,-541.107317353942
0.01278125,-68.6119982307558
0.0127916666666667,444.075298914547
0.0128020833333333,696.629308670535
0.0128125,541.107317353947
0.0128229166666667,68.6119982307632
0.0128333333333333,-444.075298914542
0.01284375,-696.629308670534
0.0128541666666667,-541.107317353952
0.0128645833333333,-68.6119982306916
0.012875,1.03754880933854e-10
0.0128854166666667,-494.974746830551
0.0128958333333333,-700
0.01290625,-494.974746830647
0.0129166666666667,-3.17205185301445e-11
0.0129270833333333,494.974746830602
0.0129375,700
0.0129479166666667,494.974746830596
0.0129583333333333,3.92669425315659e-11
0.01296875,-494.97474683054
0.0129791666666667,-700
0.0129895833333333,-494.974746830601
0.013,-4.68133665329872e-11
0.0130104166666667,494.974746830535
0.0130208333333333,700
0.01303125,494.974746830606
0.0130416666666667,5.43597905344086e-11
0.0130520833333333,-494.974746830586
0.0130625,-700
0.0130729166666667,-494.974746830612
0.0130833333333333,1.76745718693012e-11
0.01309375,494.974746830524
0.0131041666666667,700
0.0131145833333333,494.974746830561
0.013125,-541.107317353959
0.0131354166666667,-68.6119982307018
0.0131458333333333,444.075298914528
0.01315625,696.629308670533
0.0131666666666667,541.107317353913
0.0131770833333333,68.6119982307094
0.0131875,-444.075298914522
0.0131979166666667,-696.629308670532
0.0132083333333333,-541.107317353918
0.01321875,-68.6119982307168
0.0132291666666667,444.075298914516
0.0132395833333333,696.629308670539
0.01325,541.107317353973
0.0132604166666667,68.6119982307244
0.0132708333333333,-444.075298914572
0.01328125,-696.62930867053
0.0132916666666667,-541.107317353927
0.0133020833333333,-68.6119982306526
0.0133125,444.075298914504
0.0133229166666667,696.629308670538
0.0133333333333333,541.107317353932
0.01334375,68.6119982307394
0.0133541666666667,-444.07529891456
0.0133645833333333,-696.629308670529
0.013375,646.715672757887
0.0133854166666667,646.715672757923
0.0133958333333333,267.878402655636
0.01340625,-267.878402655543
0.0134166666666667,-646.715672757884
0.0134270833333333,-646.715672757925
0.0134375,-267.878402655643
0.0134479166666667,267.878402655536
0.0134583333333333,646.715672757881
0.01346875,646.715672757928
0.0134791666666667,267.878402655576
0.0134895833333333,-267.878402655456
0.0135,-646.715672757879
0.0135104166666667,-646.715672757901
0.0135208333333333,-267.878402655657
0.01353125,267.878402655523
0.0135416666666667,646.715672757906
0.0135520833333333,646.715672757934
0.0135625,267.87840265559
0.0135729166666667,-267.878402655516
0.0135833333333333,-646.715672757873
0.01359375,-646.715672757906
0.0136041666666667,-267.878402655523
0.0136145833333333,267.878402655509
0.013625,68.6119982306902
0.0136354166666667,-444.075298914598
0.0136458333333333,-696.629308670534
0.01365625,-541.107317353905
0.0136666666666667,-68.6119982307769
0.0136770833333333,444.075298914531
0.0136875,696.629308670541
0.0136979166666667,541.107317353961
0.0137083333333333,68.6119982307052
0.01371875,-444.075298914586
0.0137291666666667,-696.629308670532
0.0137395833333333,-541.107317353915
0.01375,-68.6119982307919
0.0137604166666667,444.075298914519
0.0137708333333333,696.629308670539
0.01378125,541.10731735397
0.0137916666666667,68.6119982307203
0.0138020833333333,-444.075298914452
0.0138125,-696.629308670531
0.0138229166666667,-541.107317353924
0.0138333333333333,-68.611998230807
0.01384375,444.075298914508
0.0138541666666667,696.629308670538
0.0138645833333333,541.10731735398
0.013875,-700
0.0138854166666667,-494.974746830574
0.0138958333333333,-8.79753641505979e-11
0.01390625,494.974746830562
0.0139166666666667,700
0.0139270833333333,494.974746830635
0.0139375,1.5941001746888e-11
0.0139479166666667,-494.974746830613
0.0139583333333333,-700
0.01396875,-494.974746830584
0.0139791666666667,5.60933606568218e-11
0.0139895833333333,494.974746830551
0.014,700
0.0140104166666667,494.974746830646
0.0140208333333333,3.10338497497308e-11
0.01403125,-494.974746830602
0.0140416666666667,-700
0.0140520833333333,-494.974746830595
0.0140625,4.10005126539791e-11
0.0140729166666667,494.974746830541
0.0140833333333333,700
0.01409375,494.974746830544
0.0141041666666667,4.61266977525735e-11
0.0141145833333333,-494.974746830592
0.014125,-68.6119982307825
0.0141354166666667,444.075298914527
0.0141458333333333,696.62930867054
0.01415625,541.107317353964
0.0141666666666667,68.6119982307109
0.0141770833333333,-444.075298914459
0.0141875,-696.629308670532
0.0141979166666667,-541.107317353919
0.0142083333333333,-68.6119982307976
0.01421875,444.075298914515
0.0142291666666667,696.629308670523
0.0142395833333333,541.107317353974
0.01425,68.6119982307259
0.0142604166666667,-444.075298914447
0.0142708333333333,-696.62930867053
0.01428125,-541.107317353928
0.0142916666666667,-68.6119982308126
0.0143020833333333,444.075298914503
0.0143125,696.629308670537
0.0143229166666667,541.107317353983
0.0143333333333333,68.6119982307409
0.01434375,-444.075298914559
0.0143541666666667,-696.629308670529
0.0143645833333333,-541.107317353938
0.014375,646.71567275791
0.0143854166666667,646.715672757931
0.0143958333333333,267.878402655582
0.01440625,-267.878402655597
0.0144166666666667,-646.715672757876
0.0144270833333333,-646.715672757903
0.0144375,-267.878402655515
0.0144479166666667,267.878402655517
0.0144583333333333,646.715672757904
0.01446875,646.715672757876
0.0144791666666667,267.878402655596
0.0144895833333333,-267.878402655583
0.0145,-646.71567275787
0.0145104166666667,-646.715672757909
0.0145208333333333,-267.878402655529
0.01453125,267.878402655503
0.0145416666666667,646.715672757898
0.0145520833333333,646.715672757942
0.0145625,267.87840265561
0.0145729166666667,-267.878402655569
0.0145833333333333,-646.715672757865
0.01459375,-646.715672757915
0.0146041666666667,-267.87840265569
0.0146145833333333,267.878402655489
0.014625,541.107317353927
0.0146354166666667,68.6119982308106
0.0146458333333333,-444.075298914505
0.01465625,-696.629308670538
0.0146666666666667,-541.107317353982
0.0146770833333333,-68.6119982307388
0.0146875,444.075298914437
0.0146979166666667,696.629308670529
0.0147083333333333,541.107317353936
0.01471875,68.6119982308255
0.0147291666666667,-444.075298914493
0.0147395833333333,-696.629308670536
0.01475,-541.107317353992
0.0147604166666667,-68.6119982307539
0.0147708333333333,444.075298914549
0.01478125,696.629308670528
0.0147916666666667,541.107317353946
0.0148020833333333,68.6119982306821
0.0148125,-444.075298914481
0.0148229166666667,-696.629308670535
0.0148333333333333,-541.1073173539
0.01484375,-68.6119982307689
0.0148541666666667,444.075298914537
0.0148645833333333,696.629308670542
0.014875,6.20767985148194e-11
0.0148854166666667,-494.97474683058
0.0148958333333333,-700
0.01490625,-494.974746830617
0.0149166666666667,9.95756388889047e-12
0.0149270833333333,494.974746830631
0.0149375,700
0.0149479166666667,494.974746830566
0.0149583333333333,7.71696465176621e-11
0.01496875,-494.97474683057
0.0149791666666667,-700
0.0149895833333333,-494.974746830628
0.015,-5.13528411395226e-12
0.0150104166666667,494.974746830508
0.0150208333333333,700
0.01503125,494.974746830577
0.0150416666666667,9.22624945205048e-11
0.0150520833333333,-494.974746830559
0.0150625,-700
0.0150729166666667,-494.974746830638
0.0150833333333333,-2.0228132116795e-11
0.01509375,494.974746830497
0.0151041666666667,700
0.0151145833333333,494.974746830587
0.015125,-444.075298914466
0.0151354166666667,-696.629308670533
0.0151458333333333,-541.107317353913
0.01515625,-68.611998230789
0.0151666666666667,444.075298914522
0.0151770833333333,696.62930867054
0.0151875,541.107317353968
0.0151979166666667,68.6119982307173
0.0152083333333333,-444.075298914577
0.01521875,-696.629308670531
0.0152291666666667,-541.107317353923
0.0152395833333333,-68.6119982306456
0.01525,444.07529891451
0.0152604166666667,696.629308670538
0.0152708333333333,541.107317353877
0.01528125,68.6119982307324
0.0152916666666667,-444.075298914566
0.0153020833333333,-696.62930867053
0.0153125,-541.107317353932
0.0153229166666667,-68.6119982306606
0.0153333333333333,444.075298914498
0.01534375,696.629308670537
0.0153541666666667,541.107317353887
0.0153645833333333,68.6119982307473
0.015375,-646.715672757902
0.0153854166666667,-646.715672757938
0.0153958333333333,-267.878402655599
0.01540625,267.87840265558
0.0154166666666667,646.715672757869
0.0154270833333333,646.71567275791
0.0154375,267.87840265568
0.0154479166666667,-267.878402655499
0.0154583333333333,-646.715672757897
0.01546875,-646.715672757944
0.0154791666666667,-267.878402655613
0.0154895833333333,267.878402655419
0.0155,646.715672757863
0.0155104166666667,646.715672757916
0.0155208333333333,267.878402655694
0.01553125,-267.878402655485
0.0155416666666667,-646.715672757891
0.0155520833333333,-646.71567275795
0.0155625,-267.878402655627
0.0155729166666667,267.878402655552
0.0155833333333333,646.715672757857
0.01559375,646.715672757922
0.0156041666666667,267.878402655561
0.0156145833333333,-267.878402655471
0.015625,-696.629308670534
0.0156354166666667,-541.107317354008
0.0156458333333333,-68.6119982306214
0.01565625,444.075298914529
0.0156666666666667,696.629308670525
0.0156770833333333,541.107317353862
0.0156875,68.6119982307081
0.0156979166666667,-444.075298914461
0.0157083333333333,-696.629308670548
0.01571875,-541.107317353917
0.0157291666666667,-68.6119982307948
0.0157395833333333,444.075298914517
0.01575,696.629308670539
0.0157604166666667,541.107317353972
0.0157708333333333,68.6119982307232
0.01578125,-444.075298914573
0.0157916666666667,-696.629308670531
0.0158020833333333,-541.107317353926
0.0158125,-68.6119982306515
0.0158229166666667,444.075298914505
0.0158333333333333,696.629308670538
0.01584375,541.107317353982
0.0158541666666667,68.6119982307382
0.0158645833333333,-444.075298914561
0.015875,699.99999999991
0.0158854166666667,989.949493661166
0.0158958333333333,699.999999999974
0.01590625,1.06936681731895e-10
0.0159166666666667,-699.999999999982
0.0159270833333333,-989.949493661166
0.0159375,-700.000000000061
0.0159479166666667,-2.30115926314056e-10
0.0159583333333333,700.000000000054
0.01596875,989.949493661167
0.0159791666666667,700.000000000149
0.0159895833333333,-9.67559365960824e-11
0.016,-699.999999999967
0.0160104166666667,-989.949493661166
0.0160208333333333,-699.999999999917
0.01603125,-2.64233079860787e-11
0.0160416666666667,699.99999999988
0.0160520833333333,989.949493661166
0.0160625,700.000000000005
0.0160729166666667,1.4960255256824e-10
0.0160833333333333,-700.000000000111
0.01609375,-989.949493661167
0.0161041666666667,-700.000000000092
0.0161145833333333,-4.7795101210113e-11
0.016125,700.000000000024
0.0161354166666667,989.949493661166
0.0161458333333333,700.00000000002
0.01615625,-5.41677813714614e-11
0.0161666666666667,-699.999999999937
0.0161770833333333,-989.949493661166
0.0161875,-699.999999999948
0.0161979166666667,-6.90891788224235e-11
0.0162083333333333,700.000000000009
0.01621875,989.949493661167
0.0162291666666667,700.000000000035
0.0162395833333333,-3.27182725357034e-11
0.01625,-699.999999999922
0.0162604166666667,-989.949493661166
0.0162708333333333,-699.999999999963
0.01628125,-9.04609720464578e-11
0.0162916666666667,699.999999999994
0.0163020833333333,989.949493661166
0.0163125,700.00000000005
0.0163229166666667,2.13640216628619e-10
0.0163333333333333,-699.999999999907
0.01634375,-989.949493661167
0.0163541666666667,-700.000000000137
0.0163645833333333,-1.11832765270492e-10
0.016375,-699.999999999979
0.0163854166666667,-989.949493661166
0.0163958333333333,-700.000000000065
0.01640625,-9.86988268891764e-12
0.0164166666666667,699.999999999892
0.0164270833333333,989.949493661166
0.0164375,699.999999999993
0.0164479166666667,1.33126842882803e-10
0.0164583333333333,-699.999999999804
0.01646875,-989.949493661166
0.0164791666666667,-700.00000000008
0.0164895833333333,-2.56383803076687e-10
0.0165,700.000000000036
0.0165104166666667,989.949493661166
0.0165208333333333,700.000000000167
0.01653125,-7.06434910568987e-11
0.0165416666666667,-699.999999999948
0.0165520833333333,-989.949493661166
0.0165625,-699.999999999936
0.0165729166666667,-5.26134691369862e-11
0.0165833333333333,699.999999999861
0.01659375,989.949493661166
0.0166041666666667,700.000000000023
0.0166145833333333,1.75870429330871e-10
0.016625,-699.999999999933
0.0166354166666667,-989.949493661166
0.0166458333333333,-700.00000000011
0.01665625,-7.39075467492967e-11
0.0166666666666667,700.000000000005
0.0166770833333333,989.949493661166
0.0166875,700.000000000038
0.0166979166666667,-2.78999046088302e-11
0.0167083333333333,-699.999999999918
0.01671875,-989.949493661167
0.0167291666666667,-700.000000000125
0.0167395833333333,-9.53570555850547e-11
0.01675,699.99999999999
0.0167604166666667,989.949493661166
0.0167708333333333,700.000000000053
0.01678125,-6.60582699651968e-12
0.0167916666666667,-699.999999999903
0.0168020833333333,-989.949493661166
0.0168125,-699.999999999981
0.0168229166666667,-1.16651133197365e-10
0.0168333333333333,699.999999999816
0.01684375,989.949493661166
0.0168541666666667,700.000000000068
0.0168645833333333,2.3990809339125e-10
0.016875,-700.000000000047
0.0168854166666667,-989.949493661166
0.0168958333333333,-700.000000000155
0.01690625,8.7119200742336e-11
0.0169166666666667,699.99999999996
0.0169270833333333,989.949493661166
0.0169375,699.999999999924
0.0169479166666667,3.61377594515488e-11
0.0169583333333333,-699.999999999873
0.01696875,-989.949493661166
0.0169791666666667,-700.000000000011
0.0169895833333333,-1.59394719645434e-10
0.017,699.999999999945
0.0170104166666667,989.949493661166
0.0170208333333333,700.000000000098
0.01703125,5.74318370638593e-11
0.0170416666666667,-700.000000000017
0.0170520833333333,-989.949493661166
0.0170625,-700.000000000026
0.0170729166666667,4.43756142942675e-11
0.0170833333333333,699.99999999993
0.01709375,989.949493661166
0.0171041666666667,700.000000000113
0.0171145833333333,7.88036302878936e-11
0.017125,-700.000000000002
0.0171354166666667,-989.949493661166
0.0171458333333333,-700.000000000041
0.01715625,2.3081536681957e-11
0.0171666666666667,699.999999999915
0.0171770833333333,989.949493661167
0.0171875,699.999999999969
0.0171979166666667,1.00175423511928e-10
0.0172083333333333,-699.999999999828
0.01721875,-989.949493661166
0.0172291666666667,-700.000000000057
0.0172395833333333,-2.23354668094089e-10
0.01725,700.000000000059
0.0172604166666667,989.949493661166
0.0172708333333333,700.000000000144
0.01728125,-1.03594910427773e-10
0.0172916666666667,-699.999999999972
0.0173020833333333,-989.949493661166
0.0173125,-699.999999999912
0.0173229166666667,-1.96620497661115e-11
0.0173333333333333,699.999999999885
0.01734375,989.949493661166
0.0173541666666667,700
0.0173645833333333,1.42841294348273e-10
0.017375,699.999999999957
0.0173854166666667,989.949493661166
0.0173958333333333,700.000000000087
0.01740625,4.0956127378422e-11
0.0174166666666667,-700.000000000029
0.0174270833333333,-989.949493661166
0.0174375,-700.000000000015
0.0174479166666667,6.08513239797048e-11
0.0174583333333333,699.999999999942
0.01746875,989.949493661166
0.0174791666666667,700.000000000102
0.0174895833333333,6.240563621418e-11
0.0175,-700.000000000014
0.0175104166666667,-989.949493661166
0.0175208333333333,-700.00000000003
0.01753125,3.95572463673943e-11
0.0175416666666667,699.999999999927
0.0175520833333333,989.949493661166
0.0175625,699.999999999958
0.0175729166666667,8.36997138264906e-11
0.0175833333333333,-699.999999999999
0.01759375,-989.949493661166
0.0176041666666667,-700.000000000045
0.0176145833333333,-2.06801242796928e-10
0.017625,699.999999999911
0.0176354166666667,989.949493661167
0.0176458333333333,700.000000000132
0.01765625,1.04993791438801e-10
0.0176666666666667,-699.999999999984
0.0176770833333333,-989.949493661166
0.0176875,-700.00000000006
0.0176979166666667,-3.10862446895044e-12
0.0177083333333333,699.999999999896
0.01771875,989.949493661166
0.0177291666666667,699.999999999988
0.0177395833333333,1.26365584662835e-10
0.01775,-699.999999999809
0.0177604166666667,-989.949493661166
0.0177708333333333,-700.000000000075
0.01778125,-2.49544829244996e-10
0.0177916666666667,700.00000000004
0.0178020833333333,989.949493661166
0.0178125,700.000000000162
0.0178229166666667,-7.74047492768659e-11
0.0178333333333333,-699.999999999953
0.01784375,-989.949493661166
0.0178541666666667,-699.999999999931
0.0178645833333333,-4.57744953052952e-11
0.017875,-700.000000000134
0.0178854166666667,-1.07480691013961e-10
0.0178958333333333,699.999999999982
0.01790625,989.949493661166
0.0179166666666667,700.000000000062
0.0179270833333333,5.51780843238703e-12
0.0179375,-699.999999999895
0.0179479166666667,-989.949493661166
0.0179583333333333,-699.99999999999
0.01796875,-1.28774768626272e-10
0.0179791666666667,699.999999999967
0.0179895833333333,989.949493661167
0.018,700.000000000077
0.0180104166666667,2.69673172681451e-11
0.0180208333333333,-699.99999999988
0.01803125,-989.949493661166
0.0180416666666667,-700.000000000005
0.0180520833333333,-1.50068846238582e-10
0.0180625,699.999999999952
0.0180729166666667,989.949493661166
0.0180833333333333,700.000000000092
0.01809375,2.73325806432467e-10
0.0181041666666667,-700.000000000024
0.0181145833333333,-989.949493661166
0.018125,-700.000000000179
0.0181354166666667,5.36237720893951e-11
0.0181458333333333,699.999999999937
0.01815625,989.949493661166
0.0181666666666667,699.999999999948
0.0181770833333333,6.95554724927661e-11
0.0181875,-699.999999999849
0.0181979166666667,-989.949493661166
0.0182083333333333,-700.000000000035
0.01821875,-1.92812432686651e-10
0.0182291666666667,700.000000000081
0.0182395833333333,989.949493661166
0.01825,700.000000000122
0.0182604166666667,9.10049813285241e-11
0.0182708333333333,-699.999999999994
0.01828125,-989.949493661166
0.0182916666666667,-700.00000000005
0.0183020833333333,1.09579012530503e-11
0.0183125,699.999999999906
0.0183229166666667,989.949493661167
0.0183333333333333,699.999999999978
0.01834375,1.12299058940835e-10
0.0183541666666667,-699.999999999978
0.0183645833333333,-989.949493661166
0.018375,-699.999999999935
0.0183854166666667,-989.949493661167
0.0183958333333333,-700.000000000109
0.01840625,-7.20423720679264e-11
0.0184166666666667,700.000000000007
0.0184270833333333,989.949493661166
0.0184375,700.000000000037
0.0184479166666667,-2.98427949019242e-11
0.0184583333333333,-699.99999999992
0.01846875,-989.949493661166
0.0184791666666667,-699.999999999965
0.0184895833333333,-9.33364496802369e-11
0.0185,699.999999999833
0.0185104166666667,989.949493661167
0.0185208333333333,700.000000000052
0.01853125,2.16593409874122e-10
0.0185416666666667,-700.000000000064
0.0185520833333333,-989.949493661166
0.0185625,-700.000000000139
0.0185729166666667,1.10433884259464e-10
0.0185833333333333,699.999999999977
0.01859375,989.949493661166
0.0186041666666667,699.999999999908
0.0186145833333333,1.28230759344206e-11
0.018625,700.000000000111
0.0186354166666667,7.4451556031363e-11
0.0186458333333333,-700.000000000005
0.01865625,-989.949493661166
0.0186666666666667,-700.000000000038
0.0186770833333333,2.74336109384876e-11
0.0186875,699.999999999918
0.0186979166666667,989.949493661166
0.0187083333333333,699.999999999966
0.01871875,9.58233492553973e-11
0.0187291666666667,-699.99999999999
0.0187395833333333,-989.949493661166
0.01875,-700.000000000053
0.0187604166666667,6.13953332617712e-12
0.0187708333333333,699.999999999903
0.01878125,989.949493661166
0.0187916666666667,699.999999999981
0.0188020833333333,1.17117426867708e-10
0.0188125,-699.999999999975
0.0188229166666667,-989.949493661166
0.0188333333333333,-700.000000000069
0.01884375,-1.53099755095809e-11
0.0188541666666667,700.000000000047
0.0188645833333333,989.949493661166
0.018875,-699.999999999844
0.0188854166666667,-989.949493661167
0.0188958333333333,-700.00000000004
0.01890625,-2.00117700188684e-10
0.0189166666666667,699.999999999916
0.0189270833333333,989.949493661166
0.0189375,700.000000000127
0.0189479166666667,9.81548176071101e-11
0.0189583333333333,-699.999999999988
0.01896875,-989.949493661166
0.0189791666666667,-700.000000000214
0.0189895833333333,3.65263375101677e-12
0.019,699.999999999901
0.0190104166666667,989.949493661167
0.0190208333333333,699.999999999983
0.01903125,1.19604326442868e-10
0.0190416666666667,-699.999999999814
0.0190520833333333,-989.949493661166
0.0190625,-700.00000000007
0.0190729166666667,-2.42705855413305e-10
0.0190833333333333,700.000000000045
0.01909375,989.949493661166
0.0191041666666667,700.000000000157
0.0191145833333333,-8.41660074968331e-11
0.019125,-699.999999999958
0.0191354166666667,-989.949493661166
0.0191458333333333,-700.000000000085
0.01915625,-3.90909526970518e-11
0.0191666666666667,699.999999999871
0.0191770833333333,989.949493661166
0.0191875,700.000000000013
0.0191979166666667,1.62192481667489e-10
0.0192083333333333,-699.999999999943
0.01921875,-989.949493661166
0.0192291666666667,-700.000000000101
0.0192395833333333,-6.03850303093623e-11
0.01925,699.999999999856
0.0192604166666667,989.949493661166
0.0192708333333333,700.000000000028
0.01928125,1.83641990503247e-10
0.0192916666666667,-699.999999999928
0.0193020833333333,-989.949493661166
0.0193125,-700.000000000116
0.0193229166666667,-8.16791079216728e-11
0.0193333333333333,700
0.01934375,989.949493661166
0.0193541666666667,700.000000000203
0.0193645833333333,-2.01283434364541e-11
0.019375,-699.999999999913
0.0193854166666667,-989.949493661166
0.0193958333333333,-699.999999999971
0.01940625,-1.03050901145707e-10
0.0194166666666667,699.999999999826
0.0194270833333333,989.949493661166
0.0194375,700.000000000059
0.0194479166666667,2.26230145727868e-10
0.0194583333333333,-700.000000000057
0.01946875,-989.949493661167
0.0194791666666667,-700.000000000146
0.0194895833333333,1.0064171718227e-10
0.0195,699.99999999997
0.0195104166666667,989.949493661166
0.0195208333333333,700.000000000074
0.01953125,2.25375273998907e-11
0.0195416666666667,-699.999999999883
0.0195520833333333,-989.949493661166
0.0195625,-700.000000000002
0.0195729166666667,-1.45716771982052e-10
0.0195833333333333,699.999999999955
0.01959375,989.949493661166
0.0196041666666667,700.000000000089
0.0196145833333333,4.39093206239249e-11
0.019625,-700.000000000027
0.0196354166666667,-989.949493661166
0.0196458333333333,-700.000000000017
0.01965625,-1.67088565206086e-10
0.0196666666666667,699.99999999994
0.0196770833333333,989.949493661166
0.0196875,700.000000000104
0.0196979166666667,6.52033982362354e-11
0.0197083333333333,-700.000000000012
0.01971875,-989.949493661166
0.0197291666666667,-700.000000000032
0.0197395833333333,3.66040531218914e-11
0.01975,699.999999999925
0.0197604166666667,989.949493661166
0.0197708333333333,699.99999999996
0.01978125,8.66529070719935e-11
0.0197916666666667,-699.999999999837
0.0198020833333333,-989.949493661166
0.0198125,-700.000000000047
0.0198229166666667,-2.09754436042431e-10
0.0198333333333333,700.000000000069
0.01984375,989.949493661167
0.0198541666666667,700.000000000134
0.0198645833333333,-1.17195142479432e-10
0.019875,-699.999999999981
0.0198854166666667,-989.949493661166
0.0198958333333333,-699.999999999903
0.01990625,-6.06181771445335e-12
0.0199166666666667,699.999999999894
0.0199270833333333,989.949493661166
0.0199375,699.99999999999
0.0199479166666667,1.29241062296614e-10
0.0199583333333333,-699.999999999966
0.01996875,-989.949493661166
0.0199791666666667,-700.000000000077
0.0199895833333333,-2.74336109384876e-11
0.02,700.000000000038
0.0200104166666667,989.949493661166
0.0200208333333333,700.000000000005
0.02003125,1.50612855520649e-10
0.0200416666666667,-699.999999999951
0.0200520833333333,-989.949493661166
0.0200625,-700.000000000092
0.0200729166666667,-4.87276885507981e-11
0.0200833333333333,700.000000000023
0.02009375,989.949493661166
0.0201041666666667,700.00000000002
0.0201145833333333,-5.31574784190525e-11
0.020125,-699.999999999936
0.0201354166666667,-989.949493661166
0.0201458333333333,-699.999999999948
0.02015625,-7.00994817748324e-11
0.0201666666666667,699.999999999849
0.0201770833333333,989.949493661166
0.0201875,700.000000000035
0.0201979166666667,1.93278726356994e-10
0.0202083333333333,-699.999999999921
0.02021875,-989.949493661166
0.0202291666666667,-700.000000000122
0.0202395833333333,-3.16535686550878e-10
0.02025,699.999999999993
0.0202604166666667,989.949493661166
0.0202708333333333,700.00000000021
0.02028125,-1.04916075827077e-11
0.0202916666666667,-699.999999999906
0.0203020833333333,-989.949493661166
0.0203125,-699.999999999978
0.0203229166666667,-1.12765352611177e-10
0.0203333333333333,699.999999999819
0.02034375,989.949493661166
0.0203541666666667,700.000000000065
0.0203645833333333,2.36022312805062e-10
0.020375,-700.00000000005
0.0203854166666667,-989.949493661166
0.0203958333333333,-700.000000000153
0.02040625,-1.34059430223488e-10
0.0204166666666667,699.999999999963
0.0204270833333333,989.949493661167
0.0204375,700.000000000081
0.0204479166666667,3.22519788653608e-11
0.0204583333333333,-699.999999999876
0.02046875,-989.949493661166
0.0204791666666667,-700.000000000009
0.0204895833333333,-1.55508939059246e-10
0.0205,699.999999999948
0.0205104166666667,989.949493661166
0.0205208333333333,700.000000000096
0.02053125,5.36237720893951e-11
0.0205416666666667,-699.999999999861
0.0205520833333333,-989.949493661166
0.0205625,-700.000000000024
0.0205729166666667,-1.76803016671556e-10
0.0205833333333333,699.999999999933
0.02059375,989.949493661166
0.0206041666666667,700.000000000111
0.0206145833333333,7.49178497017056e-11
0.020625,-700.000000000005
0.0206354166666667,-989.949493661166
0.0206458333333333,-700.000000000198
0.02065625,2.69673172681451e-11
0.0206666666666667,699.999999999918
0.0206770833333333,989.949493661167
0.0206875,699.999999999967
0.0206979166666667,9.62896429257398e-11
0.0207083333333333,-699.999999999831
0.02071875,-989.949493661166
0.0207291666666667,-700.000000000054
0.0207395833333333,-2.19546603119625e-10
0.02075,700.000000000062
0.0207604166666667,989.949493661166
0.0207708333333333,700.000000000141
0.02078125,-1.07480691013961e-10
0.0207916666666667,-699.999999999975
0.0208020833333333,-989.949493661166
0.0208125,-700.000000000069
0.0208229166666667,-1.57762691799235e-11
0.0208333333333333,699.999999999887
0.02084375,989.949493661166
0.0208541666666667,699.999999999997
0.0208645833333333,1.38955513762085e-10
0.020875,-699.99999999996
0.0208854166666667,-989.949493661166
0.0208958333333333,-700.000000000084
0.02090625,-3.7070346792234e-11
0.0209166666666667,699.999999999872
0.0209270833333333,989.949493661167
0.0209375,700.000000000012
0.0209479166666667,1.60327306986119e-10
0.0209583333333333,-699.999999999944
0.02096875,-989.949493661166
0.0209791666666667,-700.000000000099
0.0209895833333333,-5.84421400162682e-11
0.021,700.000000000016
0.0210104166666667,989.949493661166
0.0210208333333333,700.000000000186
0.02103125,-4.34430269535824e-11
0.0210416666666667,-699.999999999929
0.0210520833333333,-989.949493661167
0.0210625,-699.999999999955
0.0210729166666667,-7.98139332403025e-11
0.0210833333333333,699.999999999842
0.02109375,989.949493661166
0.0211041666666667,700.000000000042
0.0211145833333333,2.02993177822464e-10
0.021125,-700.000000000073
0.0211354166666667,-989.949493661167
0.0211458333333333,-700.000000000129
0.02115625,1.23956400699399e-10
0.0211666666666667,699.999999999986
0.0211770833333333,989.949493661167
0.0211875,700.000000000057
0.0211979166666667,-6.99440505513849e-13
0.0212083333333333,-699.999999999899
0.02121875,-989.949493661166
0.0212291666666667,-699.999999999985
0.0212395833333333,-1.22402088464924e-10
0.02125,699.999999999971
0.0212604166666667,989.949493661166
0.0212708333333333,700.000000000072
0.02128125,2.05946371067967e-11
0.0212916666666667,-699.999999999884
0.0213020833333333,-989.949493661166
0.0213125,-700
0.0213229166666667,-1.43851597300682e-10
0.0213333333333333,699.999999999956
0.02134375,989.949493661166
0.0213541666666667,700.000000000088
0.0213645833333333,4.18887147191072e-11
0.021375,-700.000000000028
0.0213854166666667,-989.949493661166
0.0213958333333333,-700.000000000175
0.02140625,5.99187366390197e-11
0.0214166666666667,699.999999999941
0.0214270833333333,989.949493661167
0.0214375,699.999999999943
0.0214479166666667,6.33382235548652e-11
0.0214583333333333,-699.999999999854
0.02146875,-989.949493661166
0.0214791666666667,-700.00000000003
0.0214895833333333,-1.86517468137026e-10
0.0215,699.999999999926
0.0215104166666667,989.949493661166
0.0215208333333333,700.000000000118
0.02153125,3.09696712719187e-10
0.0215416666666667,-699.999999999998
0.0215520833333333,-989.949493661166
0.0215625,-700.000000000205
0.0215729166666667,1.72528658026749e-11
0.0215833333333333,699.999999999911
0.02159375,989.949493661166
0.0216041666666667,699.999999999974
0.0216145833333333,1.05926378779486e-10
0.021625,700.000000000176
0.0216354166666667,-5.75095526755831e-11
0.0216458333333333,-699.999999999939
0.02165625,-989.949493661166
0.0216666666666667,-699.999999999945
0.0216770833333333,-6.5669691906578e-11
0.0216875,699.999999999852
0.0216979166666667,989.949493661167
0.0217083333333333,700.000000000032
0.02171875,1.88926652100463e-10
0.0217291666666667,-699.999999999924
0.0217395833333333,-989.949493661166
0.02175,-700.000000000119
0.0217604166666667,-8.7119200742336e-11
0.0217708333333333,699.999999999996
0.02178125,989.949493661166
0.0217916666666667,700.000000000047
0.0218020833333333,2.10220729712773e-10
0.0218125,-699.999999999909
0.0218229166666667,-989.949493661167
0.0218333333333333,-700.000000000134
0.02184375,-1.08413278354647e-10
0.0218541666666667,699.999999999981
0.0218645833333333,989.949493661166
0.021875,-699.999999999938
0.0218854166666667,-989.949493661167
0.0218958333333333,-700.000000000106
0.02190625,-2.9322100303375e-10
0.0219166666666667,700.00000000001
0.0219270833333333,989.949493661166
0.0219375,700.000000000193
0.0219479166666667,-3.36508598763885e-11
0.0219583333333333,-699.999999999922
0.02196875,-989.949493661166
0.0219791666666667,-699.999999999962
0.0219895833333333,-8.94506690940489e-11
0.022,699.999999999835
0.0220104166666667,989.949493661166
0.0220208333333333,700.000000000049
0.02203125,2.12707629287934e-10
0.0220416666666667,-700.000000000067
0.0220520833333333,-989.949493661166
0.0220625,-700.000000000136
0.0220729166666667,-1.10822462318083e-10
0.0220833333333333,699.999999999979
0.02209375,989.949493661166
0.0221041666666667,700.000000000064
0.0221145833333333,8.93729534823251e-12
0.022125,-700.000000000108
0.0221354166666667,-7.05657754451749e-11
0.0221458333333333,700.000000000008
0.02215625,989.949493661166
0.0221666666666667,700.000000000036
0.0221770833333333,1.93745020027336e-10
0.0221875,-699.999999999921
0.0221979166666667,-989.949493661167
0.0222083333333333,-700.000000000123
0.02221875,-9.19375686692092e-11
0.0222291666666667,699.999999999993
0.0222395833333333,989.949493661166
0.02225,700.000000000051
0.0222604166666667,-1.00253139123652e-11
0.0222708333333333,-699.999999999906
0.02228125,-989.949493661166
0.0222916666666667,-699.999999999979
0.0223020833333333,-1.1323164628152e-10
0.0223125,699.999999999819
0.0223229166666667,989.949493661166
0.0223333333333333,700.000000000066
0.02234375,2.36488606475405e-10
0.0223541666666667,-700.00000000005
0.0223645833333333,-989.949493661166
0.022375,-700.000000000153
0.0223854166666667,9.05386876581815e-11
0.0223958333333333,699.999999999963
0.02240625,989.949493661166
0.0224166666666667,699.999999999922
0.0224270833333333,3.27182725357034e-11
0.0224375,-699.999999999876
0.0224479166666667,-989.949493661167
0.0224583333333333,-700.000000000009
0.02246875,-1.55975232729588e-10
0.0224791666666667,699.999999999948
0.0224895833333333,989.949493661166
0.0225,700.000000000096
0.0225104166666667,5.40123501480139e-11
0.0225208333333333,-700.00000000002
0.02253125,-989.949493661166
0.0225416666666667,-700.000000000024
0.0225520833333333,4.7795101210113e-11
0.0225625,699.999999999932
0.0225729166666667,989.949493661166
0.0225833333333333,700.000000000111
0.02259375,7.53841433720481e-11
0.0226041666666667,-700.000000000005
0.0226145833333333,-989.949493661166
0.022625,-699.999999999961
0.0226354166666667,-989.949493661166
0.0226458333333333,-700.000000000083
0.02265625,-3.52051721108637e-11
0.0226666666666667,700.000000000033
0.0226770833333333,989.949493661166
0.0226875,700.00000000017
0.0226979166666667,-6.67577104707107e-11
0.0227083333333333,-699.999999999946
0.02271875,-989.949493661166
0.0227291666666667,-699.999999999939
0.0227395833333333,-5.64992497231742e-11
0.02275,699.999999999859
0.0227604166666667,989.949493661166
0.0227708333333333,700.000000000026
0.02278125,1.79756209917059e-10
0.0227916666666667,-699.999999999772
0.0228020833333333,-989.949493661166
0.0228125,-700.000000000113
0.0228229166666667,-3.02857738887496e-10
0.0228333333333333,700.000000000003
0.02284375,989.949493661167
0.0228541666666667,700.0000000002
0.0228645833333333,-2.40141240226421e-11
0.022875,-700.000000000084
0.0228854166666667,-2.62601052014588e-10
0.0228958333333333,700.000000000031
0.02290625,989.949493661167
0.0229166666666667,700.000000000171
0.0229270833333333,-6.42708108955503e-11
0.0229375,-699.999999999944
0.0229479166666667,-989.949493661167
0.0229583333333333,-700.000000000099
0.02296875,-5.89861492983346e-11
0.0229791666666667,699.999999999857
0.0229895833333333,989.949493661166
0.023,700.000000000027
0.0230104166666667,1.82087678268772e-10
0.0230208333333333,-699.999999999929
0.02303125,-989.949493661167
0.0230416666666667,-700.000000000115
0.0230520833333333,-8.02802269106451e-11
0.0230625,699.999999999842
0.0230729166666667,989.949493661166
0.0230833333333333,700.000000000043
0.02309375,2.0353718710453e-10
0.0231041666666667,-699.999999999914
0.0231145833333333,-989.949493661166
0.023125,699.99999999987
0.0231354166666667,989.949493661166
0.0231458333333333,700.000000000014
0.02315625,1.63202784619898e-10
0.0231666666666667,-699.999999999783
0.0231770833333333,-989.949493661166
0.0231875,-700.000000000101
0.0231979166666667,-2.86459744813783e-10
0.0232083333333333,700.000000000014
0.02321875,989.949493661166
0.0232291666666667,700.000000000188
0.0232395833333333,-4.04898337080795e-11
0.02325,-699.999999999927
0.0232604166666667,-989.949493661166
0.0232708333333333,-699.999999999957
0.02328125,-8.27671264858054e-11
0.0232916666666667,699.99999999984
0.0233020833333333,989.949493661167
0.0233125,700.000000000044
0.0233229166666667,2.05868655456243e-10
0.0233333333333333,-699.999999999912
0.02334375,-989.949493661167
0.0233541666666667,-700.000000000131
0.0233645833333333,-1.04061204098116e-10
0.023375,700.000000000016
0.0233854166666667,1.65611968583335e-10
0.0233958333333333,-699.999999999941
0.02340625,-989.949493661166
0.0234166666666667,-700.000000000103
0.0234270833333333,-6.38045172252077e-11
0.0234375,699.999999999854
0.0234479166666667,989.949493661166
0.0234583333333333,700.000000000031
0.02346875,1.86983761807369e-10
0.0234791666666667,-699.999999999926
0.0234895833333333,-989.949493661166
0.0235,-700.000000000118
0.0235104166666667,-8.50985948375182e-11
0.0235208333333333,699.999999999998
0.02353125,989.949493661166
0.0235416666666667,700.000000000046
0.0235520833333333,-1.67088565206086e-11
0.0235625,-699.99999999991
0.0235729166666667,-989.949493661166
0.0235833333333333,-699.999999999974
0.02359375,-1.06470388061553e-10
0.0236041666666667,699.999999999823
0.0236145833333333,989.949493661166
0.023625,-699.999999999939
0.0236354166666667,-989.949493661166
0.0236458333333333,-699.999999999945
0.02365625,-6.61359855769206e-11
0.0236666666666667,699.999999999852
0.0236770833333333,989.949493661166
0.0236875,700.000000000033
0.0236979166666667,1.89392945770805e-10
0.0237083333333333,-700.000000000083
0.02371875,-989.949493661166
0.0237291666666667,-700.00000000012
0.0237395833333333,-8.75854944126786e-11
0.02375,699.999999999996
0.0237604166666667,989.949493661166
0.0237708333333333,700.000000000048
0.02378125,-1.43773881688958e-11
0.0237916666666667,-699.999999999909
0.0238020833333333,-989.949493661167
0.0238125,-699.999999999976
0.0238229166666667,-1.08879572024989e-10
0.0238333333333333,699.999999999981
0.02384375,989.949493661166
0.0238541666666667,700.000000000063
0.0238645833333333,6.99440505513849e-12
0.023875,-700.000000000106
0.0238854166666667,-6.86228851520809e-11
0.0238958333333333,700.000000000009
0.02390625,989.949493661166
0.0239166666666667,700.000000000034
0.0239270833333333,-3.31845662060459e-11
0.0239375,-699.999999999922
0.0239479166666667,-989.949493661166
0.0239583333333333,-699.999999999962
0.02396875,-8.99169627643914e-11
0.0239791666666667,699.999999999835
0.0239895833333333,989.949493661167
0.024,700.000000000049
0.0240104166666667,2.13173922958276e-10
0.0240208333333333,-700.000000000066
0.02403125,-989.949493661166
0.0240416666666667,-700.000000000136
0.0240520833333333,1.13775655563586e-10
0.0240625,699.999999999979
0.0240729166666667,989.949493661166
0.0240833333333333,699.999999999905
0.02409375,9.40358901857508e-12
0.0241041666666667,-699.999999999892
0.0241145833333333,-989.949493661166
0.024125,699.999999999992
0.0241354166666667,1.3266054921246e-10
0.0241458333333333,-699.999999999805
0.02415625,-989.949493661166
0.0241666666666667,-700.00000000008
0.0241770833333333,-2.55917509406345e-10
0.0241875,700.000000000036
0.0241979166666667,989.949493661166
0.0242083333333333,700.000000000167
0.02421875,1.5395462682477e-10
0.0242291666666667,-699.999999999949
0.0242395833333333,-989.949493661166
0.02425,-700.000000000095
0.0242604166666667,-5.21471754666436e-11
0.0242708333333333,699.999999999862
0.02428125,989.949493661166
0.0242916666666667,700.000000000023
0.0243020833333333,1.75404135660528e-10
0.0243125,-699.999999999934
0.0243229166666667,-989.949493661166
0.0243333333333333,-700.00000000011
0.02434375,-7.34412530789541e-11
0.0243541666666667,699.999999999847
0.0243645833333333,989.949493661167
0.024375,-700.000000000038
0.0243854166666667,-1.96698213272839e-10
0.0243958333333333,699.999999999919
0.02440625,989.949493661166
0.0244166666666667,700.000000000125
0.0244270833333333,9.48130463029884e-11
0.0244375,-699.999999999991
0.0244479166666667,-989.949493661166
0.0244583333333333,-700.000000000212
0.02446875,7.07212066686225e-12
0.0244791666666667,699.999999999904
0.0244895833333333,989.949493661166
0.0245,699.999999999981
0.0245104166666667,1.16184839527023e-10
0.0245208333333333,-699.999999999817
0.02453125,-989.949493661166
0.0245416666666667,-700.000000000068
0.0245520833333333,-2.39364084109184e-10
0.0245625,700.000000000048
0.0245729166666667,989.949493661166
0.0245833333333333,700.000000000155
0.02459375,-8.75854944126786e-11
0.0246041666666667,-699.999999999961
0.0246145833333333,-989.949493661167
0.024625,-699.999999999917
0.0246354166666667,-989.949493661166
0.0246458333333333,-700.000000000127
0.02465625,-9.7222230266425e-11
0.0246666666666667,699.999999999989
0.0246770833333333,989.949493661167
0.0246875,700.000000000055
0.0246979166666667,-4.5852210917019e-12
0.0247083333333333,-699.999999999902
0.02471875,-989.949493661166
0.0247291666666667,-700.000000000142
0.0247395833333333,-1.18594023490459e-10
0.02475,699.999999999974
0.0247604166666667,989.949493661166
0.0247708333333333,700.00000000007
0.02478125,1.67088565206086e-11
0.0247916666666667,-699.999999999887
0.0248020833333333,-989.949493661166
0.0248125,-699.999999999998
0.0248229166666667,-1.39965816714493e-10
0.0248333333333333,699.9999999998
0.02484375,989.949493661166
0.0248541666666667,700.000000000085
0.0248645833333333,2.63145061296655e-10
0.024875,-700.000000000031
0.0248854166666667,-989.949493661166
0.0248958333333333,-700.000000000172
0.02490625,6.38045172252077e-11
0.0249166666666667,699.999999999944
0.0249270833333333,989.949493661167
0.0249375,699.999999999941
0.0249479166666667,5.94524429686771e-11
0.0249583333333333,-699.999999999857
0.02496875,-989.949493661166
0.0249791666666667,-700.000000000028
0.0249895833333333,-1.82631687550838e-10
0.025,699.999999999929
0.0250104166666667,989.949493661167
0.0250208333333333,700.000000000115
0.02503125,8.07465205809876e-11
0.0250416666666667,-700.000000000001
0.0250520833333333,-989.949493661166
0.0250625,-700.000000000043
0.0250729166666667,2.1138646388863e-11
0.0250833333333333,699.999999999914
0.02509375,989.949493661166
0.0251041666666667,700.00000000013
0.0251145833333333,1.02118313805022e-10
0.025125,699.999999999986
0.0251354166666667,989.949493661167
0.0251458333333333,700.000000000058
0.02515625,2.33146835171283e-13
0.0251666666666667,-699.999999999898
0.0251770833333333,-989.949493661166
0.0251875,-699.999999999986
0.0251979166666667,-1.23490107029056e-10
0.0252083333333333,699.999999999811
0.02521875,989.949493661166
0.0252291666666667,700.000000000073
0.0252395833333333,2.46669351611217e-10
0.02525,-700.000000000043
0.0252604166666667,-989.949493661167
0.0252708333333333,-700.00000000016
0.02528125,8.02802269106451e-11
0.0252916666666667,699.999999999955
0.0253020833333333,989.949493661166
0.0253125,699.999999999929
0.0253229166666667,4.2899017671516e-11
0.0253333333333333,-699.999999999868
0.02534375,-989.949493661166
0.0253541666666667,-700.000000000016
0.0253645833333333,-1.66078262253677e-10
0.025375,699.99999999994
0.0253854166666667,989.949493661166
0.0253958333333333,700.000000000103
0.02540625,2.89335222447562e-10
0.0254166666666667,-700.000000000012
0.0254270833333333,-989.949493661166
0.0254375,-700.00000000019
0.0254479166666667,3.76143560743003e-11
0.0254583333333333,699.999999999925
0.02546875,989.949493661166
0.0254791666666667,699.999999999959
0.0254895833333333,8.55648885078608e-11
0.0255,-699.999999999838
0.0255104166666667,-989.949493661166
0.0255208333333333,-700.000000000046
0.02553125,-2.08821848701746e-10
0.0255416666666667,699.99999999991
0.0255520833333333,989.949493661166
0.0255625,700.000000000133
0.0255729166666667,1.06936681731895e-10
0.0255833333333333,-699.999999999982
0.02559375,-989.949493661166
0.0256041666666667,-700.000000000061
0.0256145833333333,-2.30115926314056e-10
0.025625,700.000000000105
0.0256354166666667,6.66799948589869e-11
0.0256458333333333,-699.999999999852
0.02565625,-989.949493661166
0.0256666666666667,-700.000000000033
0.0256770833333333,-1.89859239441148e-10
0.0256875,699.999999999923
0.0256979166666667,989.949493661167
0.0257083333333333,700.00000000012
0.02571875,3.13116199635033e-10
0.0257291666666667,-699.999999999996
0.0257395833333333,-989.949493661166
0.02575,-700.000000000207
0.0257604166666667,1.38333788868295e-11
0.0257708333333333,699.999999999908
0.02578125,989.949493661166
0.0257916666666667,699.999999999976
0.0258020833333333,1.09345865695332e-10
0.0258125,-699.999999999821
0.0258229166666667,-989.949493661166
0.0258333333333333,-700.000000000063
0.02584375,-2.32602825889217e-10
0.0258541666666667,700.000000000053
0.0258645833333333,989.949493661166
0.025875,-699.99999999985
0.0258854166666667,-989.949493661167
0.0258958333333333,-700.000000000035
0.02590625,-1.92346139016308e-10
0.0259166666666667,699.999999999922
0.0259270833333333,989.949493661166
0.0259375,700.000000000122
0.0259479166666667,9.0383256434734e-11
0.0259583333333333,-699.999999999994
0.02596875,-989.949493661166
0.0259791666666667,-700.00000000005
0.0259895833333333,-2.13640216628619e-10
0.026,699.999999999907
0.0260104166666667,989.949493661166
0.0260208333333333,700.000000000137
0.02603125,1.11755049658768e-10
0.0260416666666667,-699.999999999979
0.0260520833333333,-989.949493661166
0.0260625,-700.000000000065
0.0260729166666667,-9.86988268891764e-12
0.0260833333333333,699.999999999892
0.02609375,989.949493661166
0.0261041666666667,699.999999999993
0.0261145833333333,1.33126842882803e-10
0.026125,699.999999999804
0.0261354166666667,989.949493661166
0.0261458333333333,700.00000000008
0.02615625,2.56383803076687e-10
0.0261666666666667,-700.000000000036
0.0261770833333333,-989.949493661166
0.0261875,-700.000000000167
0.0261979166666667,7.06434910568987e-11
0.0262083333333333,699.999999999948
0.02621875,989.949493661166
0.0262291666666667,699.999999999936
0.0262395833333333,5.26134691369862e-11
0.02625,-699.999999999861
0.0262604166666667,-989.949493661166
0.0262708333333333,-700.000000000023
0.02628125,-1.75870429330871e-10
0.0262916666666667,699.999999999933
0.0263020833333333,989.949493661166
0.0263125,700.00000000011
0.0263229166666667,7.39075467492967e-11
0.0263333333333333,-700.000000000005
0.02634375,-989.949493661167
0.0263541666666667,-700.000000000038
0.0263645833333333,-1.97164506943182e-10
0.026375,700.000000000082
0.0263854166666667,3.36508598763885e-11
0.0263958333333333,-699.999999999875
0.02640625,-989.949493661166
0.0264166666666667,-700.00000000001
0.0264270833333333,-1.56907820070273e-10
0.0264375,699.999999999947
0.0264479166666667,989.949493661166
0.0264583333333333,700.000000000097
0.02646875,5.50226531004228e-11
0.0264791666666667,-700.000000000019
0.0264895833333333,-989.949493661166
0.0265,-700.000000000184
0.0265104166666667,4.68625138694279e-11
0.0265208333333333,699.999999999932
0.02653125,989.949493661166
0.0265416666666667,699.999999999953
0.0265520833333333,7.6394446324457e-11
0.0265625,-699.999999999845
0.0265729166666667,-989.949493661166
0.0265833333333333,-700.00000000004
0.02659375,-1.99573690906618e-10
0.0266041666666667,700.000000000076
0.0266145833333333,989.949493661166
0.026625,-699.999999999873
0.0266354166666667,-989.949493661166
0.0266458333333333,-700.000000000011
0.02665625,-1.59394719645434e-10
0.0266666666666667,699.999999999945
0.0266770833333333,989.949493661166
0.0266875,700.000000000098
0.0266979166666667,2.82496248615871e-10
0.0267083333333333,-700.000000000017
0.02671875,-989.949493661166
0.0267291666666667,-700.000000000186
0.0267395833333333,4.43756142942675e-11
0.02675,699.99999999993
0.0267604166666667,989.949493661166
0.0267708333333333,700.000000000113
0.02678125,7.88036302878936e-11
0.0267916666666667,-699.999999999843
0.0268020833333333,-989.949493661166
0.0268125,-700.000000000041
0.0268229166666667,-2.01982874870055e-10
0.0268333333333333,699.999999999915
0.02684375,989.949493661166
0.0268541666666667,700.000000000129
0.0268645833333333,1.00175423511928e-10
0.026875,-700.000000000172
0.0268854166666667,-1.61726187997147e-10
0.0268958333333333,699.999999999943
0.02690625,989.949493661167
0.0269166666666667,700.0000000001
0.0269270833333333,5.99187366390197e-11
0.0269375,-699.999999999856
0.0269479166666667,-989.949493661166
0.0269583333333333,-700.000000000028
0.02696875,-1.83175696832905e-10
0.0269791666666667,699.999999999769
0.0269895833333333,989.949493661166
0.027,700.000000000115
0.0270104166666667,3.06277225803342e-10
0.0270208333333333,-700
0.02703125,-989.949493661167
0.0270416666666667,-700.000000000202
0.0270520833333333,2.05946371067967e-11
0.0270625,699.999999999913
0.0270729166666667,989.949493661166
0.0270833333333333,699.999999999971
0.02709375,1.02506891863641e-10
0.0271041666666667,-699.999999999826
0.0271145833333333,-989.949493661166
0.027125,-700.000000000058
0.0271354166666667,-2.25763852057526e-10
0.0271458333333333,699.999999999898
0.02715625,989.949493661166
0.0271666666666667,700.000000000146
0.0271770833333333,1.23956400699399e-10
0.0271875,-699.99999999997
0.0271979166666667,-989.949493661166
0.0272083333333333,-699.999999999914
0.02721875,-2.47213360893284e-10
0.0272291666666667,699.999999999883
0.0272395833333333,989.949493661166
0.02725,700.000000000001
0.0272604166666667,3.70314889863721e-10
0.0272708333333333,-700.000000000114
0.02728125,-989.949493661167
0.0272916666666667,-700.000000000088
0.0273020833333333,-4.33653113418586e-11
0.0273125,700.000000000027
0.0273229166666667,989.949493661166
0.0273333333333333,700.000000000176
0.02734375,1.6654455592402e-10
0.0273541666666667,-699.99999999994
0.0273645833333333,-989.949493661167
0.027375,-699.999999999944
0.0273854166666667,-2.89801516117905e-10
0.0273958333333333,699.999999999853
0.02740625,989.949493661167
0.0274166666666667,700.000000000032
0.0274270833333333,-3.7070346792234e-11
0.0274375,-700.000000000084
0.0274479166666667,-989.949493661166
0.0274583333333333,-700.000000000119
0.02746875,-8.60311821782034e-11
0.0274791666666667,699.999999999997
0.0274895833333333,989.949493661167
0.0275,700.000000000206
0.0275104166666667,2.09288142372088e-10
0.0275208333333333,-699.99999999991
0.02753125,-989.949493661166
0.0275416666666667,-699.999999999975
0.0275520833333333,1.17661436149774e-10
0.0275625,699.999999999823
0.0275729166666667,989.949493661166
0.0275833333333333,700.000000000062
0.02759375,5.51780843238703e-12
0.0276041666666667,-699.999999999736
0.0276145833333333,-989.949493661166
0.027625,-700.000000000149
0.0276354166666667,-1.28774768626272e-10
0.0276458333333333,699.999999999967
0.02765625,989.949493661166
0.0276666666666667,700.000000000236
0.0276770833333333,-1.9817480989559e-10
0.0276875,-699.99999999988
0.0276979166666667,-989.949493661166
0.0277083333333333,-700.000000000005
0.02771875,7.49955653134293e-11
0.0277291666666667,699.999999999793
0.0277395833333333,989.949493661166
0.02775,700.000000000092
0.0277604166666667,4.82613948804556e-11
0.0277708333333333,-700.000000000024
0.02778125,-989.949493661166
0.0277916666666667,-700.000000000179
0.0278020833333333,-1.71440639462617e-10
0.0278125,699.999999999937
0.0278229166666667,989.949493661166
0.0278333333333333,699.999999999948
0.02784375,2.94619884044778e-10
0.0278541666666667,-699.999999999849
0.0278645833333333,-989.949493661167
0.027875,-700.000000000035
0.0278854166666667,3.22519788653608e-11
0.0278958333333333,700.000000000081
0.02790625,989.949493661166
0.0279166666666667,700.000000000122
0.0279270833333333,9.10049813285241e-11
0.0279375,-699.999999999994
0.0279479166666667,-989.949493661166
0.0279583333333333,-699.999999999891
0.02796875,-2.14106510298961e-10
0.0279791666666667,699.999999999906
0.0279895833333333,989.949493661167
0.028,699.999999999978
0.0280104166666667,3.37363470492846e-10
0.0280208333333333,-699.999999999819
0.02803125,-989.949493661166
0.0280416666666667,-700.000000000065
0.0280520833333333,-4.60542715075007e-10
0.0280625,700.00000000005
0.0280729166666667,989.949493661166
0.0280833333333333,700.000000000152
0.02809375,1.33593136553145e-10
0.0281041666666667,-699.999999999963
0.0281145833333333,-989.949493661166
0.028125,-699.999999999921
0.0281354166666667,-2.5685009674703e-10
0.0281458333333333,699.999999999876
0.02815625,989.949493661166
0.0281666666666667,700.000000000008
0.0281770833333333,3.80107056940915e-10
0.0281875,-700.000000000107
0.0281979166666667,-989.949493661166
0.0282083333333333,-700.000000000095
0.02821875,-5.30797628073287e-11
0.0282291666666667,700.00000000002
0.0282395833333333,989.949493661166
0.02825,700.000000000182
0.0282604166666667,1.76336723001214e-10
0.0282708333333333,-699.999999999933
0.02828125,-989.949493661166
0.0282916666666667,-699.999999999951
0.0283020833333333,-2.99515967583375e-10
0.0283125,699.999999999846
0.0283229166666667,989.949493661166
0.0283333333333333,700.000000000038
0.02834375,-2.74336109384876e-11
0.0283541666666667,-699.999999999759
0.0283645833333333,-989.949493661167
0.028375,-700.000000000126
0.0283854166666667,-9.58233492553973e-11
0.0283958333333333,699.99999999999
0.02840625,989.949493661166
0.0284166666666667,700.000000000213
0.0284270833333333,2.19080309449282e-10
0.0284375,-699.999999999903
0.0284479166666667,-989.949493661166
0.0284583333333333,-700.0000000003
0.02846875,1.07946984684304e-10
0.0284791666666667,699.999999999816
0.0284895833333333,989.949493661166
0.0285,700.000000000069
0.0285104166666667,1.52322598978571e-11
0.0285208333333333,-699.999999999729
0.02853125,-989.949493661166
0.0285416666666667,-700.000000000156
0.0285520833333333,-1.38489220091742e-10
0.0285625,699.99999999996
0.0285729166666667,989.949493661167
0.0285833333333333,700.000000000243
0.02859375,-1.8846035843012e-10
0.0286041666666667,-699.999999999873
0.0286145833333333,-989.949493661166
0.028625,-700.000000000012
0.0286354166666667,6.52811138479592e-11
0.0286458333333333,699.999999999786
0.02865625,989.949493661166
0.0286666666666667,700.000000000099
0.0286770833333333,5.78981307342019e-11
0.0286875,-700.000000000017
0.0286979166666667,-989.949493661167
0.0287083333333333,-700.000000000186
0.02871875,-1.81155090928087e-10
0.0287291666666667,699.99999999993
0.0287395833333333,989.949493661166
0.02875,699.999999999955
0.0287604166666667,3.04412051121972e-10
0.0287708333333333,-699.999999999843
0.02878125,-989.949493661166
0.0287916666666667,-700.000000000042
0.0288020833333333,2.26152430116144e-11
0.0288125,700.000000000074
0.0288229166666667,989.949493661166
0.0288333333333333,700.000000000129
0.02884375,1.0064171718227e-10
0.0288541666666667,-699.999999999987
0.0288645833333333,-989.949493661167
0.028875,-699.999999999898
0.0288854166666667,-2.23898677376155e-10
0.0288958333333333,699.9999999999
0.02890625,989.949493661166
0.0289166666666667,699.999999999985
0.0289270833333333,3.47077921958316e-10
0.0289375,-700.000000000131
0.0289479166666667,-989.949493661166
0.0289583333333333,-700.000000000072
0.02896875,-2.01283434364541e-11
0.0289791666666667,700.000000000044
0.0289895833333333,989.949493661166
0.029,700.000000000159
0.0290104166666667,1.43307588018615e-10
0.0290208333333333,-699.999999999956
0.02903125,-989.949493661167
0.0290416666666667,-699.999999999928
0.0290520833333333,-2.665645482125e-10
0.0290625,699.999999999869
0.0290729166666667,989.949493661167
0.0290833333333333,700.000000000015
0.02909375,-6.03850303093623e-11
0.0291041666666667,-699.999999999782
0.0291145833333333,-989.949493661166
0.029125,-700.000000000102
0.0291354166666667,-6.27942142727989e-11
0.0291458333333333,700.000000000013
0.02915625,989.949493661166
0.0291666666666667,700.000000000189
0.0291770833333333,1.8597345885496e-10
0.0291875,-699.999999999926
0.0291979166666667,-989.949493661167
0.0292083333333333,-700.000000000276
0.02921875,1.40976119666902e-10
0.0292291666666667,699.999999999839
0.0292395833333333,989.949493661166
0.02925,700.000000000045
0.0292604166666667,-1.77968750847413e-11
0.0292708333333333,-699.999999999752
0.02928125,-989.949493661166
0.0292916666666667,-700.000000000132
0.0293020833333333,-1.05460085109144e-10
0.0293125,699.999999999983
0.0293229166666667,989.949493661167
0.0293333333333333,700.000000000219
0.02934375,2.28717045303028e-10
0.0293541666666667,-699.999999999896
0.0293645833333333,-989.949493661166
0.029375,-700.000000000307
0.0293854166666667,9.83102488305576e-11
0.0293958333333333,699.999999999809
0.02940625,989.949493661166
0.0294166666666667,700.000000000075
0.0294270833333333,2.49467113633273e-11
0.0294375,-699.999999999722
0.0294479166666667,-989.949493661166
0.0294583333333333,-700.000000000163
0.02946875,-1.48203671557212e-10
0.0294791666666667,699.999999999953
0.0294895833333333,989.949493661166
0.0295,700.00000000025
0.0295104166666667,2.71460631751097e-10
0.0295208333333333,-699.999999999866
0.02953125,-989.949493661167
0.0295416666666667,-700.000000000019
0.0295520833333333,5.55666623824891e-11
0.0295625,699.999999999779
0.0295729166666667,989.949493661167
0.0295833333333333,700.000000000106
0.02959375,6.76902978113958e-11
0.0296041666666667,-700.00000000001
0.0296145833333333,-989.949493661166
0.029625,-700.000000000193
0.0296354166666667,-1.90869542393557e-10
0.0296458333333333,699.999999999923
0.02965625,989.949493661166
0.0296666666666667,699.999999999962
0.0296770833333333,3.14048786975718e-10
0.0296875,-699.999999999836
0.0296979166666667,-989.949493661166
0.0297083333333333,-700.000000000049
0.02971875,-4.37305747169603e-10
0.0297291666666667,700.000000000067
0.0297395833333333,989.949493661166
0.02975,700.000000000136
0.0297604166666667,1.10278453036017e-10
0.0297708333333333,-699.99999999998
0.02978125,-989.949493661166
0.0297916666666667,-699.999999999905
0.0298020833333333,-2.33535413229902e-10
0.0298125,699.999999999893
0.0298229166666667,989.949493661166
0.0298333333333333,699.999999999992
0.02984375,3.56792373423787e-10
0.0298541666666667,-700.000000000124
0.0298645833333333,-989.949493661166
0.029875,-700.000000000079
0.0298854166666667,-2.97650792902004e-11
0.0298958333333333,700.000000000037
0.02990625,989.949493661166
0.0299166666666667,700.000000000166
0.0299270833333333,1.53022039484085e-10
0.0299375,-699.99999999995
0.0299479166666667,-989.949493661166
0.0299583333333333,-699.999999999935
0.02996875,-2.7627899967797e-10
0.0299791666666667,699.999999999862
0.0299895833333333,989.949493661166
0.03,700.000000000022
0.0300104166666667,-5.07482944556159e-11
0.0300208333333333,-699.999999999775
0.03003125,-989.949493661167
0.0300416666666667,-700.000000000109
0.0300520833333333,-7.2508665738269e-11
0.0300625,700.000000000006
0.0300729166666667,989.949493661166
0.0300833333333333,700.000000000196
0.03009375,1.95765625932154e-10
0.0301041666666667,-699.999999999919
0.0301145833333333,-989.949493661166
0.030125,-700.000000000283
0.0301354166666667,1.31261668201432e-10
0.0301458333333333,699.999999999832
0.03015625,989.949493661166
0.0301666666666667,700.000000000052
0.0301770833333333,-8.00470800754738e-12
0.0301875,-699.999999999745
0.0301979166666667,-989.949493661166
0.0302083333333333,-700.000000000139
0.03021875,-1.15174536574614e-10
0.0302291666666667,699.999999999976
0.0302395833333333,989.949493661167
0.03025,700.000000000226
0.0302604166666667,2.38353781156775e-10
0.0302708333333333,-699.999999999889
0.03028125,-989.949493661167
0.0302916666666667,-699.999999999995
0.0303020833333333,8.85180817533637e-11
0.0303125,699.999999999802
0.0303229166666667,989.949493661166
0.0303333333333333,700.000000000082
0.03034375,3.46611628287974e-11
0.0303541666666667,-700.000000000033
0.0303645833333333,-989.949493661166
0.030375,-700.000000000169
0.0303854166666667,-1.57840407410959e-10
0.0303958333333333,699.999999999946
0.03040625,989.949493661166
0.0304166666666667,699.999999999938
0.0304270833333333,2.81097367604843e-10
0.0304375,-699.999999999859
0.0304479166666667,-989.949493661166
0.0304583333333333,-700.000000000025
0.03046875,4.5852210917019e-11
0.0304791666666667,700.00000000009
0.0304895833333333,989.949493661166
0.0305,700.000000000113
0.0305104166666667,7.73270336651422e-11
0.0305208333333333,-700.000000000003
0.03053125,-989.949493661167
0.0305416666666667,-699.999999999881
0.0305520833333333,-2.00583993859027e-10
0.0305625,699.999999999916
0.0305729166666667,989.949493661166
0.0305833333333333,699.999999999968
0.03059375,3.23763238441188e-10
0.0306041666666667,-699.999999999829
0.0306145833333333,-989.949493661166
0.030625,-700.000000000055
0.0306354166666667,-4.47020198635073e-10
0.0306458333333333,700.00000000006
0.03065625,989.949493661166
0.0306666666666667,700.000000000143
0.0306770833333333,1.20070620113211e-10
0.0306875,-699.999999999973
0.0306979166666667,-989.949493661166
0.0307083333333333,-699.999999999911
0.03071875,-2.43327580307096e-10
0.0307291666666667,699.999999999886
0.0307395833333333,989.949493661167
0.03075,699.999999999999
0.0307604166666667,3.66429109277533e-10
0.0307708333333333,-699.999999999799
0.03078125,-989.949493661167
0.0307916666666667,-700.000000000086
0.0308020833333333,-3.94795307556706e-11
0.0308125,700.00000000003
0.0308229166666667,989.949493661166
0.0308333333333333,700.000000000173
0.03084375,1.62736490949555e-10
0.0308541666666667,-699.999999999943
0.0308645833333333,-989.949493661166
0.030875,-700.00000000026
0.0308854166666667,-2.85915735531717e-10
0.0308958333333333,699.999999999856
0.03090625,989.949493661166
0.0309166666666667,700.000000000029
0.0309270833333333,-4.0956127378422e-11
0.0309375,-699.999999999769
0.0309479166666667,-989.949493661166
0.0309583333333333,-700.000000000116
0.03096875,-8.21454015920153e-11
0.0309791666666667,699.999999999681
0.0309895833333333,989.949493661167
0.031,700.000000000203
0.0310104166666667,2.054023617859e-10
0.0310208333333333,-699.999999999913
0.03103125,-989.949493661166
0.0310416666666667,-700.00000000029
0.0310520833333333,1.21469501124238e-10
0.0310625,699.999999999825
0.0310729166666667,989.949493661166
0.0310833333333333,700.000000000059
0.03109375,1.63202784619898e-12
0.0311041666666667,-699.999999999738
0.0311145833333333,-989.949493661166
0.031125,-700.000000000146
0.0311354166666667,-1.24888988040084e-10
0.0311458333333333,699.999999999969
0.03115625,989.949493661166
0.0311666666666667,700.000000000233
0.0311770833333333,2.48145948233969e-10
0.0311875,-699.999999999882
0.0311979166666667,-989.949493661166
0.0312083333333333,-700.000000000002
0.03121875,7.88813458996174e-11
0.0312291666666667,699.999999999795
0.0312395833333333,989.949493661167
0.03125,700.000000000089
0.0312604166666667,4.43756142942675e-11
0.0312708333333333,-699.999999999708
0.03128125,-989.949493661166
0.0312916666666667,-699.999999999858
0.0313020833333333,-1.67554858876429e-10
0.0313125,699.999999999939
0.0313229166666667,989.949493661166
0.0313333333333333,700.000000000263
0.03134375,2.9073410345859e-10
0.0313541666666667,-700.000000000171
0.0313645833333333,-989.949493661167
0.031375,-700.000000000032
0.0313854166666667,-4.13991063652475e-10
0.0313958333333333,699.999999999765
0.03140625,989.949493661166
0.0314166666666667,699.999999999801
0.0314270833333333,8.70414851306123e-11
0.0314375,-699.999999999996
0.0314479166666667,-989.949493661166
0.0314583333333333,-700.000000000206
0.03146875,-2.10220729712773e-10
0.0314791666666667,699.999999999909
0.0314895833333333,989.949493661167
0.0315,699.999999999975
0.0315104166666667,3.33477689906658e-10
0.0315208333333333,-699.999999999822
0.03153125,-989.949493661166
0.0315416666666667,-700.000000000063
0.0315520833333333,-6.45039577307216e-12
0.0315625,700.000000000053
0.0315729166666667,989.949493661166
0.0315833333333333,700.000000000149
0.03159375,5.79913894682704e-10
0.0316041666666667,-699.999999999966
0.0316145833333333,-989.949493661166
0.031625,-699.999999999918
0.0316354166666667,-2.52964316160842e-10
0.0316458333333333,699.999999999879
0.03165625,989.949493661167
0.0316666666666667,700.000000000005
0.0316770833333333,-7.40629779727442e-11
0.0316875,-699.999999999792
0.0316979166666667,-989.949493661166
0.0317083333333333,-700.000000000093
0.03171875,-4.99322805325164e-10
0.0317291666666667,700.000000000023
0.0317395833333333,989.949493661166
0.03175,700.00000000018
0.0317604166666667,1.72450942415026e-10
0.0317708333333333,-699.999999999936
0.03178125,-989.949493661166
0.0317916666666667,-699.999999999948
0.0318020833333333,1.54576351718561e-10
0.0318125,699.999999999849
0.0318229166666667,989.949493661166
0.0318333333333333,700.000000000036
0.03184375,4.18809431579348e-10
0.0318541666666667,-700.00000000008
0.0318645833333333,-989.949493661166
0.031875,-700.000000000123
0.0318854166666667,-9.19375686692092e-11
0.0318958333333333,699.999999999675
0.03190625,989.949493661166
0.0319166666666667,699.999999999892
0.0319270833333333,2.15039097639647e-10
0.0319375,-699.999999999906
0.0319479166666667,-989.949493661166
0.0319583333333333,-700.000000000297
0.03196875,-3.38296057833531e-10
0.0319791666666667,700.000000000137
0.0319895833333333,989.949493661167
0.032,700.000000000066
0.0320104166666667,1.13464793116691e-11
0.0320208333333333,-699.999999999731
0.03203125,-989.949493661166
0.0320416666666667,-699.999999999835
0.0320520833333333,-1.3452572389383e-10
0.0320625,699.999999999963
0.0320729166666667,989.949493661166
0.0320833333333333,700.00000000024
0.03209375,2.57782684087715e-10
0.0321041666666667,-700.000000000194
0.0321145833333333,-989.949493661166
0.032125,-700.000000000009
0.0321354166666667,-3.810396442816e-10
0.0321458333333333,699.999999999788
0.03215625,989.949493661166
0.0321666666666667,699.999999999778
0.0321770833333333,5.40123501480139e-11
0.0321875,-700.00000000002
0.0321979166666667,-989.949493661166
0.0322083333333333,-700.000000000183
0.03221875,-1.77269310341899e-10
0.0322291666666667,699.999999999932
0.0322395833333333,989.949493661166
0.03225,699.999999999952
0.0322604166666667,3.00526270535784e-10
0.0322708333333333,-699.999999999845
0.03228125,-989.949493661166
0.0322916666666667,-700.000000000039
0.0323020833333333,2.65010235978025e-11
0.0323125,700.000000000077
0.0323229166666667,989.949493661166
0.0323333333333333,700.000000000126
0.03234375,9.67559365960824e-11
0.0323541666666667,-699.999999999989
0.0323645833333333,-989.949493661166
0.032375,-699.999999999895
0.0323854166666667,-2.20012896789967e-10
0.0323958333333333,699.999999999902
0.03240625,989.949493661166
0.0324166666666667,699.999999999982
0.0324270833333333,-1.07014397343619e-10
0.0324375,-699.999999999815
0.0324479166666667,-989.949493661167
0.0324583333333333,-700.000000000069
0.03246875,-4.6637138595429e-10
0.0324791666666667,700.000000000046
0.0324895833333333,989.949493661166
0.0325,700.000000000156
0.0325104166666667,1.39421807432427e-10
0.0325208333333333,-699.999999999959
0.03253125,-989.949493661166
0.0325416666666667,-699.999999999925
0.0325520833333333,1.87527771089435e-10
0.0325625,699.999999999872
0.0325729166666667,989.949493661167
0.0325833333333333,700.000000000012
0.03259375,3.85858012208473e-10
0.0326041666666667,-699.999999999785
0.0326145833333333,-989.949493661166
0.032625,-700.000000000099
0.0326354166666667,-5.89861492983346e-11
0.0326458333333333,699.999999999698
0.03265625,989.949493661166
0.0326666666666667,700.000000000187
0.0326770833333333,-2.68041144835252e-10
0.0326875,-699.999999999929
0.0326979166666667,-989.949493661167
0.0327083333333333,-700.000000000274
0.03271875,-3.05344638462657e-10
0.0327291666666667,699.999999999842
0.0327395833333333,989.949493661166
0.03275,700.000000000043
0.0327604166666667,-2.16826556709293e-11
0.0327708333333333,-699.999999999755
0.03278125,-989.949493661166
0.0327916666666667,-700.00000000013
0.0328020833333333,-1.01574304522956e-10
0.0328125,699.999999999986
0.0328229166666667,989.949493661166
0.0328333333333333,700.000000000217
0.03284375,2.2483126471684e-10
0.0328541666666667,-699.99999999958
0.0328645833333333,-989.949493661166
0.032875,-699.999999999986
0.0328854166666667,1.02196029416746e-10
0.0328958333333333,699.999999999812
0.03290625,989.949493661166
0.0329166666666667,700.000000000391
0.0329270833333333,2.10609307771392e-11
0.0329375,-700.000000000043
0.0329479166666667,-989.949493661166
0.0329583333333333,-700.00000000016
0.03296875,-1.44317890971024e-10
0.0329791666666667,699.999999999637
0.0329895833333333,989.949493661166
0.033,699.999999999929
0.0330104166666667,2.67497135553185e-10
0.0330208333333333,-699.999999999869
0.03303125,-989.949493661167
0.0330416666666667,-700.000000000334
0.0330520833333333,5.94524429686771e-11
0.0330625,700.0000000001
0.0330729166666667,989.949493661167
0.0330833333333333,700.000000000103
0.03309375,6.38045172252077e-11
0.0331041666666667,-699.999999999694
0.0331145833333333,-989.949493661166
0.033125,-699.999999999872
0.0331354166666667,-1.86983761807369e-10
0.0331458333333333,699.999999999926
0.03315625,989.949493661166
0.0331666666666667,700.000000000277
0.0331770833333333,-1.39965816714493e-10
0.0331875,-699.999999999838
0.0331979166666667,-989.949493661166
0.0332083333333333,-700.000000000046
0.03321875,-4.33419966583415e-10
0.0332291666666667,699.999999999751
0.0332395833333333,989.949493661166
0.03325,700.000000000133
0.0332604166666667,1.06470388061553e-10
0.0332708333333333,-699.999999999982
0.03328125,-989.949493661166
0.0332916666666667,-700.00000000022
0.0333020833333333,2.2047919046031e-10
0.0333125,699.999999999895
0.0333229166666667,989.949493661166
0.0333333333333333,699.999999999989
0.03334375,3.52906592837599e-10
0.0333541666666667,-699.999999999808
0.0333645833333333,-989.949493661166
0.033375,-700.000000000076
0.0333854166666667,-2.58792987040124e-11
0.0333958333333333,700.000000000039
0.03340625,989.949493661166
0.0334166666666667,700.000000000163
0.0334270833333333,-3.00992564206126e-10
0.0334375,-699.999999999952
0.0334479166666667,-989.949493661166
0.0334583333333333,-700.00000000025
0.03346875,-2.72393219091782e-10
0.0334791666666667,699.999999999865
0.0334895833333333,989.949493661166
0.0335,700.000000000019
0.0335104166666667,-5.4634075041804e-11
0.0335208333333333,-699.999999999778
0.03353125,-989.949493661167
0.0335416666666667,-700.000000000106
0.0335520833333333,-6.86228851520809e-11
0.0335625,700.000000000009
0.0335729166666667,989.949493661166
0.0335833333333333,700.000000000193
0.03359375,1.91879845345966e-10
0.0336041666666667,-699.999999999922
0.0336145833333333,-989.949493661166
0.033625,-699.999999999962
0.0336354166666667,1.3514744878762e-10
0.0336458333333333,699.999999999835
0.03365625,989.949493661166
0.0336666666666667,700.000000000368
0.0336770833333333,-1.18904885937354e-11
0.0336875,-700.000000000066
0.0336979166666667,-989.949493661166
0.0337083333333333,-700.000000000136
0.03371875,-1.11288755988426e-10
0.0337291666666667,699.999999999661
0.0337395833333333,989.949493661166
0.03375,699.999999999905
0.0337604166666667,2.34545716182311e-10
0.0337708333333333,-699.999999999892
0.03378125,-989.949493661167
0.0337916666666667,-700.000000000311
0.0338020833333333,9.24038623395518e-11
0.0338125,700.000000000123
0.0338229166666667,989.949493661166
0.0338333333333333,700.00000000008
0.03384375,3.07753822426093e-11
0.0338541666666667,-699.999999999718
0.0338645833333333,-989.949493661166
0.033875,-699.999999999848
0.0338854166666667,-1.5395462682477e-10
0.0338958333333333,699.999999999949
0.03390625,989.949493661166
0.0339166666666667,700.000000000254
0.0339270833333333,2.77211587018655e-10
0.0339375,-700.00000000018
0.0339479166666667,-989.949493661166
0.0339583333333333,-700.000000000023
0.03396875,-4.0046854721254e-10
0.0339791666666667,699.999999999775
0.0339895833333333,989.949493661166
0.034,700.00000000011
0.0340104166666667,7.34412530789541e-11
0.0340208333333333,-700.000000000006
0.03403125,-989.949493661167
0.0340416666666667,-700.000000000197
0.0340520833333333,-1.96698213272839e-10
0.0340625,699.999999999919
0.0340729166666667,989.949493661166
0.0340833333333333,699.999999999966
0.03409375,3.19955173466724e-10
0.0341041666666667,-699.999999999832
0.0341145833333333,-989.949493661166
0.034125,-700.000000000053
0.0341354166666667,7.07212066686225e-12
0.0341458333333333,700.000000000063
0.03415625,989.949493661166
0.0341666666666667,700.00000000014
0.0341770833333333,5.66313662631046e-10
0.0341875,-699.999999999976
0.0341979166666667,-989.949493661166
0.0342083333333333,-700.000000000227
0.03421875,-2.39364084109184e-10
0.0342291666666667,699.999999999889
0.0342395833333333,989.949493661166
0.03425,699.999999999996
0.0342604166666667,-8.75854944126786e-11
0.0342708333333333,-699.999999999801
0.03428125,-989.949493661167
0.0342916666666667,-700.000000000083
0.0343020833333333,-4.8580028888523e-10
0.0343125,700.000000000033
0.0343229166666667,989.949493661166
0.0343333333333333,700.00000000017
0.03434375,1.58850710363367e-10
0.0343541666666667,-699.999999999946
0.0343645833333333,-989.949493661166
0.034375,-699.999999999939
0.0343854166666667,1.68098868158495e-10
0.0343958333333333,699.999999999858
0.03440625,989.949493661166
0.0344166666666667,700.000000000344
0.0344270833333333,4.05286915139413e-10
0.0344375,-700.00000000009
0.0344479166666667,-989.949493661166
0.0344583333333333,-700.000000000113
0.03446875,-7.82596210058273e-11
0.0344791666666667,699.999999999684
0.0344895833333333,989.949493661166
0.0345,699.999999999882
0.0345104166666667,2.01516581199712e-10
0.0345208333333333,-699.999999999915
0.03453125,-989.949493661167
0.0345416666666667,-700.000000000287
0.0345520833333333,-3.24773541393597e-10
0.0345625,700.000000000147
0.0345729166666667,989.949493661166
0.0345833333333333,700.000000000056
0.03459375,-2.25375273998907e-12
0.0346041666666667,-699.999999999741
0.0346145833333333,-989.949493661166
0.034625,-699.999999999825
0.0346354166666667,-1.21003207453896e-10
0.0346458333333333,699.999999999972
0.03465625,989.949493661166
0.0346666666666667,700.000000000231
0.0346770833333333,2.44260167647781e-10
0.0346875,-700.000000000203
0.0346979166666667,-989.949493661166
0.0347083333333333,-699.999999999999
0.03471875,-3.67361696618218e-10
0.0347291666666667,699.999999999798
0.0347395833333333,989.949493661167
0.03475,700.000000000086
0.0347604166666667,4.04898337080795e-11
0.0347708333333333,-700.000000000029
0.03478125,-989.949493661167
0.0347916666666667,-700.000000000174
0.0348020833333333,-1.63669078290241e-10
0.0348125,699.999999999942
0.0348229166666667,989.949493661166
0.0348333333333333,699.999999999942
0.03484375,2.86848322872402e-10
0.0348541666666667,-699.999999999855
0.0348645833333333,-989.949493661166
0.034875,-700.00000000003
0.0348854166666667,4.00235400377369e-11
0.0348958333333333,700.000000000086
0.03490625,989.949493661166
0.0349166666666667,700.000000000117
0.0349270833333333,5.33362243260171e-10
0.0349375,-699.999999999999
0.0349479166666667,-989.949493661166
0.0349583333333333,-700.000000000204
0.03496875,-2.06334949126585e-10
0.0349791666666667,699.999999999912
0.0349895833333333,989.949493661166
0.035,699.999999999973
0.0350104166666667,-1.20536913783553e-10
0.0350208333333333,-699.999999999825
0.03503125,-989.949493661166
0.0350416666666667,-700.00000000006
0.0350520833333333,-4.52848869514355e-10
0.0350625,700.000000000056
0.0350729166666667,989.949493661166
0.0350833333333333,700.000000000147
0.03509375,1.25821575380769e-10
0.0351041666666667,-699.999999999969
0.0351145833333333,-989.949493661166
0.035125,-699.999999999916
0.0351354166666667,2.01128003141093e-10
0.0351458333333333,699.999999999882
0.03515625,989.949493661166
0.0351666666666667,700.000000000003
0.0351770833333333,3.72257780156815e-10
0.0351875,-699.999999999795
0.0351979166666667,-989.949493661167
0.0352083333333333,-700.00000000009
0.03521875,-4.53082016349526e-11
0.0352291666666667,699.999999999707
0.0352395833333333,989.949493661167
0.03525,700.000000000177
0.0352604166666667,1.68565161828838e-10
0.0352708333333333,-699.999999999939
0.03528125,-989.949493661166
0.0352916666666667,-700.000000000264
0.0353020833333333,-2.91744406410999e-10
0.0353125,699.999999999852
0.0353229166666667,989.949493661166
0.0353333333333333,700.000000000033
0.03534375,-3.52051721108637e-11
0.0353541666666667,-699.999999999764
0.0353645833333333,-989.949493661167
0.035375,-700.00000000012
0.0353854166666667,-8.80517880830212e-11
0.0353958333333333,699.999999999996
0.03540625,989.949493661166
0.0354166666666667,700.000000000207
0.0354270833333333,2.11231032665182e-10
0.0354375,-699.99999999959
0.0354479166666667,-989.949493661167
0.0354583333333333,-699.999999999976
0.03546875,-3.34410277247343e-10
0.0354791666666667,699.999999999821
0.0354895833333333,989.949493661167
0.0355,700.000000000381
0.0355104166666667,7.53841433720481e-12
0.0355208333333333,-700.000000000053
0.03553125,-989.949493661166
0.0355416666666667,-700.00000000015
0.0355520833333333,-1.3079537453109e-10
0.0355625,699.999999999647
0.0355729166666667,989.949493661166
0.0355833333333333,699.999999999919
0.03559375,2.53896903501527e-10
0.0356041666666667,-699.999999999878
0.0356145833333333,-989.949493661166
0.035625,-700.000000000325
0.0356354166666667,7.29749594086115e-11
0.0356458333333333,700.000000000109
0.03565625,989.949493661166
0.0356666666666667,700.000000000093
0.0356770833333333,5.00410823889297e-10
0.0356875,-699.999999999704
0.0356979166666667,-989.949493661167
0.0357083333333333,-699.999999999862
0.03571875,-1.73383529755711e-10
0.0357291666666667,699.999999999935
0.0357395833333333,989.949493661166
0.03575,700.000000000268
0.0357604166666667,-1.53488333154428e-10
0.0357708333333333,-699.999999999848
0.03578125,-989.949493661166
0.0357916666666667,-700.000000000036
0.0358020833333333,-4.19819734531757e-10
0.0358125,699.999999999761
0.0358229166666667,989.949493661166
0.0358333333333333,700.000000000123
0.03584375,9.28701560098943e-11
0.0358541666666667,-699.999999999992
0.0358645833333333,-989.949493661167
0.035875,-700.000000000211
0.0358854166666667,2.34157138123692e-10
0.0358958333333333,699.999999999905
0.03590625,989.949493661166
0.0359166666666667,699.999999999979
0.0359270833333333,3.3930636078594e-10
0.0359375,-699.999999999818
0.0359479166666667,-989.949493661167
0.0359583333333333,-700.000000000067
0.03596875,-1.2356782264078e-11
0.0359791666666667,699.999999999731
0.0359895833333333,989.949493661166
0.036,700.000000000154
0.0360104166666667,1.35536026846239e-10
0.0360208333333333,-699.999999999962
0.03603125,-989.949493661166
0.0360416666666667,-700.000000000241
0.0360520833333333,-2.587152714284e-10
0.0360625,699.999999999875
0.0360729166666667,989.949493661166
0.0360833333333333,700.00000000001
0.03609375,-6.81565914817384e-11
0.0361041666666667,-699.999999999788
0.0361145833333333,-989.949493661166
0.036125,-700.000000000097
0.0361354166666667,-5.4944937488699e-11
0.0361458333333333,700.000000000019
0.03615625,989.949493661166
0.0361666666666667,700.000000000184
0.0361770833333333,1.78201897682584e-10
0.0361875,-699.999999999613
0.0361979166666667,-989.949493661167
0.0362083333333333,-699.999999999953
0.03621875,1.48669965227555e-10
0.0362291666666667,699.999999999845
0.0362395833333333,989.949493661166
0.03625,700.000000000358
0.0362604166666667,-2.54907206453936e-11
0.0362708333333333,-700.000000000076
0.03628125,-989.949493661166
0.0362916666666667,-700.000000000127
0.0363020833333333,-9.76885239367675e-11
0.0363125,699.99999999967
0.0363229166666667,989.949493661166
0.0363333333333333,699.999999999896
0.03634375,2.20945484130652e-10
0.0363541666666667,-699.999999999902
0.0363645833333333,-989.949493661166
0.036375,-700.000000000301
0.0363854166666667,1.06081810002934e-10
0.0363958333333333,700.000000000133
0.03640625,989.949493661166
0.0364166666666667,700.00000000007
0.0364270833333333,1.71751501909512e-11
0.0364375,-699.999999999727
0.0364479166666667,-989.949493661166
0.0364583333333333,-699.999999999839
0.03646875,-1.40432110384836e-10
0.0364791666666667,699.999999999959
0.0364895833333333,989.949493661166
0.0365,700.000000000244
0.0365104166666667,2.63611354966997e-10
0.0365208333333333,-699.999999999871
0.03653125,-989.949493661166
0.0365416666666667,-700.000000000013
0.0365520833333333,-3.86868315160882e-10
0.0365625,699.999999999784
0.0365729166666667,989.949493661166
0.0365833333333333,700.0000000001
0.03659375,5.99187366390197e-11
0.0366041666666667,-700.000000000015
0.0366145833333333,-989.949493661166
0.036625,-700.000000000187
0.0366354166666667,-1.83020265609457e-10
0.0366458333333333,699.999999999928
0.03665625,989.949493661166
0.0366666666666667,699.999999999956
0.0366770833333333,3.06277225803342e-10
0.0366875,-699.999999999841
0.0366979166666667,-989.949493661167
0.0367083333333333,-700.000000000043
0.03671875,2.05946371067967e-11
0.0367291666666667,699.999999999754
0.0367395833333333,989.949493661166
0.03675,700.00000000013
0.0367604166666667,5.52791146191112e-10
0.0367708333333333,-699.999999999985
0.03678125,-989.949493661166
0.0367916666666667,-700.000000000217
0.0368020833333333,-2.25763852057526e-10
0.0368125,699.999999999898
0.0368229166666667,989.949493661167
0.0368333333333333,699.999999999986
0.03684375,-1.01108010852613e-10
0.0368541666666667,-699.999999999811
0.0368645833333333,-989.949493661166
0.036875,-700.000000000073
0.0368854166666667,-4.72277772445295e-10
0.0368958333333333,700.000000000042
0.03690625,989.949493661167
0.0369166666666667,700.000000000161
0.0369270833333333,1.45250478311709e-10
0.0369375,-699.999999999637
0.0369479166666667,-989.949493661166
0.0369583333333333,-699.999999999929
0.03696875,1.81699100210153e-10
0.0369791666666667,699.999999999868
0.0369895833333333,989.949493661166
0.037,700.000000000335
0.0370104166666667,3.91686683087755e-10
0.0370208333333333,-700.000000000099
0.03703125,-989.949493661167
0.0370416666666667,-700.000000000104
0.0370520833333333,-6.47371045658929e-11
0.0370625,699.999999999694
0.0370729166666667,989.949493661167
0.0370833333333333,699.999999999872
0.03709375,1.87994064759778e-10
0.0371041666666667,-699.999999999925
0.0371145833333333,-989.949493661166
0.037125,-700.000000000278
0.0371354166666667,-3.11095593730215e-10
0.0371458333333333,700.000000000156
0.03715625,989.949493661166
0.0371666666666667,700.000000000047
0.0371770833333333,-1.57762691799235e-11
0.0371875,-699.999999999751
0.0371979166666667,-989.949493661167
0.0372083333333333,-699.999999999815
0.03721875,-1.07402975402238e-10
0.0372291666666667,699.999999999982
0.0372395833333333,989.949493661166
0.03725,700.000000000221
0.0372604166666667,2.30582219984399e-10
0.0372708333333333,-699.999999999895
0.03728125,-989.949493661166
0.0372916666666667,-699.99999999999
0.0373020833333333,-3.53839180178284e-10
0.0373125,699.999999999808
0.0373229166666667,989.949493661166
0.0373333333333333,700.000000000077
0.03734375,2.69673172681451e-11
0.0373541666666667,-700.000000000039
0.0373645833333333,-989.949493661166
0.037375,-700.000000000164
0.0373854166666667,-1.50068846238582e-10
0.0373958333333333,699.999999999952
0.03740625,989.949493661167
0.0374166666666667,699.999999999933
0.0374270833333333,2.73325806432467e-10
0.0374375,-699.999999999864
0.0374479166666667,-989.949493661166
0.0374583333333333,-700.00000000002
0.03746875,5.36237720893951e-11
0.0374791666666667,700.000000000096
0.0374895833333333,989.949493661166
0.0375,700.000000000107
0.0375104166666667,5.1968429559679e-10
0.0375208333333333,-700.000000000009
0.03753125,-989.949493661166
0.0375416666666667,-700.000000000194
0.0375520833333333,-1.92812432686651e-10
0.0375625,699.999999999922
0.0375729166666667,989.949493661167
0.0375833333333333,699.999999999963
0.03759375,-1.34214861446935e-10
0.0376041666666667,-699.999999999834
0.0376145833333333,-989.949493661166
0.037625,-700.00000000005
0.0376354166666667,-4.39170921850973e-10
0.0376458333333333,700.000000000066
0.03765625,989.949493661166
0.0376666666666667,700.000000000137
0.0376770833333333,1.12299058940835e-10
0.0376875,-699.999999999978
0.0376979166666667,-989.949493661166
0.0377083333333333,-699.999999999906
0.03771875,2.14728235192752e-10
0.0377291666666667,699.999999999891
0.0377395833333333,989.949493661166
0.03775,700.000000000312
0.0377604166666667,3.58735263716881e-10
0.0377708333333333,-699.999999999804
0.03778125,-989.949493661166
0.0377916666666667,-700.00000000008
0.0378020833333333,-3.17856851950182e-11
0.0378125,699.999999999717
0.0378229166666667,989.949493661166
0.0378333333333333,700.000000000167
0.03784375,1.54964929777179e-10
0.0378541666666667,-699.999999999948
0.0378645833333333,-989.949493661166
0.037875,-700.000000000254
0.0378854166666667,-2.7814417435934e-10
0.0378958333333333,699.999999999861
0.03790625,989.949493661166
0.0379166666666667,700.000000000023
0.0379270833333333,-4.88054041625219e-11
0.0379375,-699.999999999774
0.0379479166666667,-989.949493661166
0.0379583333333333,-700.000000000429
0.03796875,-7.4451556031363e-11
0.0379791666666667,700.000000000005
0.0379895833333333,989.949493661166
0.038,700.000000000198
0.0380104166666667,1.97630800613524e-10
0.0380208333333333,-699.9999999996
0.03803125,-989.949493661166
0.0380416666666667,-699.999999999966
0.0380520833333333,-3.20887760807409e-10
0.0380625,699.999999999831
0.0380729166666667,989.949493661166
0.0380833333333333,700.000000000372
0.03809375,-6.13953332617712e-12
0.0381041666666667,-700.000000000062
0.0381145833333333,-989.949493661166
0.038125,-700.000000000141
0.0381354166666667,-1.17117426867708e-10
0.0381458333333333,699.999999999657
0.03815625,989.949493661166
0.0381666666666667,699.999999999909
0.0381770833333333,2.40374387061593e-10
0.0381875,-699.999999999888
0.0381979166666667,-989.949493661166
0.0382083333333333,-700.000000000315
0.03821875,8.66529070719935e-11
0.0382291666666667,700.000000000119
0.0382395833333333,989.949493661167
0.03825,700.000000000084
0.0382604166666667,4.86732876225915e-10
0.0382708333333333,-699.999999999714
0.03828125,-989.949493661166
0.0382916666666667,-700.000000000171
0.0383020833333333,-1.59861013315776e-10
0.0383125,699.999999999945
0.0383229166666667,989.949493661166
0.0383333333333333,700.000000000258
0.03834375,-1.6716628081781e-10
0.0383541666666667,-699.999999999858
0.0383645833333333,-989.949493661166
0.038375,699.999999999973
0.0383854166666667,989.949493661166
0.0383958333333333,700.000000000229
0.03840625,-2.07422967690718e-10
0.0384166666666667,-699.999999999886
0.0384270833333333,-989.949493661167
0.0384375,-699.999999999998
0.0384479166666667,-3.6596281560719e-10
0.0384583333333333,699.999999999799
0.03846875,989.949493661166
0.0384791666666667,700.000000000085
0.0384895833333333,3.90909526970518e-11
0.0385,-699.999999999712
0.0385104166666667,-989.949493661166
0.0385208333333333,-700.000000000173
0.03853125,2.87936341436534e-10
0.0385416666666667,699.999999999943
0.0385520833333333,989.949493661166
0.0385625,700.00000000026
0.0385729166666667,2.85449441861374e-10
0.0385833333333333,-699.999999999856
0.03859375,-989.949493661166
0.0386041666666667,-700.000000000028
0.0386145833333333,4.15001366604884e-11
0.038625,-700.000000000231
0.0386354166666667,-2.45192754988466e-10
0.0386458333333333,699.999999999884
0.03865625,989.949493661166
0.0386666666666667,700
0.0386770833333333,-8.18345391451203e-11
0.0386875,-699.999999999797
0.0386979166666667,-989.949493661166
0.0387083333333333,-700.000000000405
0.03871875,-4.14224210487646e-11
0.0387291666666667,700.000000000028
0.0387395833333333,989.949493661166
0.03875,700.000000000174
0.0387604166666667,1.64679381242649e-10
0.0387708333333333,-699.999999999623
0.03878125,-989.949493661166
0.0387916666666667,-699.999999999943
0.0388020833333333,-2.87858625824811e-10
0.0388125,699.999999999854
0.0388229166666667,989.949493661166
0.0388333333333333,700.000000000348
0.03884375,-3.90909526970518e-11
0.0388541666666667,-700.000000000085
0.0388645833333333,-989.949493661167
0.038875,699.999999999883
0.0388854166666667,989.949493661166
0.0388958333333333,700.00000000032
0.03890625,-7.93476395699599e-11
0.0389166666666667,-700.000000000114
0.0389270833333333,-989.949493661167
0.0389375,-700.000000000089
0.0389479166666667,-4.39093206239249e-11
0.0389583333333333,699.999999999709
0.03896875,989.949493661166
0.0389791666666667,699.999999999858
0.0389895833333333,1.6716628081781e-10
0.039,-699.99999999994
0.0390104166666667,-989.949493661166
0.0390208333333333,-700.000000000263
0.03903125,1.59861013315776e-10
0.0390416666666667,699.999999999853
0.0390520833333333,989.949493661166
0.0390625,700.000000000032
0.0390729166666667,4.13524769982132e-10
0.0390833333333333,-699.999999999765
0.03909375,-989.949493661166
0.0391041666666667,-700.000000000119
0.0391145833333333,-8.64974758485459e-11
0.039125,-699.999999999997
0.0391354166666667,-989.949493661166
0.0391458333333333,-700.000000000206
0.03915625,-2.09754436042431e-10
0.0391666666666667,699.99999999991
0.0391770833333333,989.949493661166
0.0391875,699.999999999975
0.0391979166666667,3.33011396236316e-10
0.0392083333333333,-699.999999999822
0.03921875,-989.949493661166
0.0392291666666667,-700.000000000062
0.0392395833333333,-6.06181771445335e-12
0.03925,700.000000000053
0.0392604166666667,989.949493661166
0.0392708333333333,700.000000000149
0.03928125,5.79369885400638e-10
0.0392916666666667,-699.999999999966
0.0393020833333333,-989.949493661166
0.0393125,-700.000000000236
0.0393229166666667,-2.52498022490499e-10
0.0393333333333333,699.999999999879
0.03934375,989.949493661166
0.0393541666666667,700.000000000005
0.0393645833333333,-7.45292716430868e-11
0.039375,700.000000000208
0.0393854166666667,2.12241335617591e-10
0.0393958333333333,-699.999999999908
0.03940625,-989.949493661166
0.0394166666666667,-699.999999999977
0.0394270833333333,1.14785958515995e-10
0.0394375,699.999999999821
0.0394479166666667,989.949493661167
0.0394583333333333,700.000000000064
0.03946875,4.58599824781913e-10
0.0394791666666667,-700.000000000052
0.0394895833333333,-989.949493661166
0.0395,-700.000000000151
0.0395104166666667,-1.31727961871775e-10
0.0395208333333333,699.999999999646
0.03953125,989.949493661166
0.0395416666666667,699.99999999992
0.0395520833333333,2.54907206453936e-10
0.0395625,-699.999999999878
0.0395729166666667,-989.949493661166
0.0395833333333333,-700.000000000325
0.03959375,-3.78086451036097e-10
0.0396041666666667,700.000000000109
0.0396145833333333,989.949493661166
0.039625,-700.000000000094
0.0396354166666667,-5.11368725142347e-11
0.0396458333333333,699.999999999703
0.03965625,989.949493661166
0.0396666666666667,699.999999999863
0.0396770833333333,1.74316117096396e-10
0.0396875,-699.999999999935
0.0396979166666667,-989.949493661167
0.0397083333333333,-700.000000000268
0.03971875,-2.97573077290281e-10
0.0397291666666667,700.000000000166
0.0397395833333333,989.949493661166
0.03975,700.000000000037
0.0397604166666667,4.20830037484166e-10
0.0397708333333333,-699.99999999976
0.03978125,-989.949493661166
0.0397916666666667,-699.999999999806
0.0398020833333333,-9.38027433505795e-11
0.0398125,699.999999999991
0.0398229166666667,989.949493661166
0.0398333333333333,700.000000000211
0.03984375,2.17059703544464e-10
0.0398541666666667,-699.999999999904
0.0398645833333333,-989.949493661166
0.039875,-700
0.0398854166666667,-494.974746830753
0.0398958333333333,-1.82801384506846e-10
0.03990625,494.974746830495
0.0399166666666667,700
0.0399270833333333,494.97474683059
0.0399375,-4.83945507071267e-11
0.0399479166666667,-494.974746830433
0.0399583333333333,-700
0.03996875,-494.974746830652
0.0399791666666667,-3.87326596994258e-11
0.0399895833333333,494.974746830597
0.04,700
0.0400104166666667,494.974746830713
0.0400208333333333,1.25859870105978e-10
0.04003125,-494.97474683031
0.0400416666666667,-700
0.0400520833333333,-494.97474683055
0.0400625,-2.12987080512531e-10
0.0400729166666667,494.974746830473
0.0400833333333333,700
0.04009375,494.974746830836
0.0401041666666667,-1.82088547014413e-11
0.0401145833333333,-494.974746830637
0.040125,-696.62930867052
0.0401354166666667,-541.107317353996
0.0401458333333333,-68.611998230761
0.04015625,444.075298914297
0.0401666666666667,696.629308670542
0.0401770833333333,541.10731735385
0.0401875,68.6119982308477
0.0401979166666667,-444.075298914476
0.0402083333333333,-696.629308670534
0.04021875,-541.107317354107
0.0402291666666667,-68.6119982306176
0.0402395833333333,444.075298914655
0.04025,696.629308670525
0.0402604166666667,541.10731735396
0.0402708333333333,68.6119982310211
0.04028125,-444.075298914341
0.0402916666666667,-696.629308670548
0.0403020833333333,-541.107317353813
0.0403125,-68.6119982307911
0.0403229166666667,444.07529891452
0.0403333333333333,696.629308670508
0.04034375,541.107317354071
0.0403541666666667,68.611998230561
0.0403645833333333,-444.075298914453
0.040375,-646.715672757874
0.0403854166666667,-646.715672757906
0.0403958333333333,-267.878402655815
0.04040625,267.878402655364
0.0404166666666667,646.71567275784
0.0404270833333333,646.715672757939
0.0404375,267.878402655602
0.0404479166666667,-267.878402655577
0.0404583333333333,-646.715672757807
0.04046875,-646.715672757972
0.0404791666666667,-267.878402655976
0.0404895833333333,267.878402655497
0.0405,646.715672757896
0.0405104166666667,646.715672757884
0.0405208333333333,267.878402655763
0.04053125,-267.878402655416
0.0405416666666667,-646.71567275774
0.0405520833333333,-646.715672757917
0.0405625,-267.878402655549
0.0405729166666667,267.878402655336
0.0405833333333333,646.715672757829
0.04059375,646.715672757951
0.0406041666666667,267.878402655924
0.0406145833333333,-267.878402655549
0.040625,-444.075298914585
0.0406354166666667,-696.629308670517
0.0406458333333333,-541.107317354017
0.04065625,-68.6119982307935
0.0406666666666667,444.075298914272
0.0406770833333333,696.629308670539
0.0406875,541.10731735387
0.0406979166666667,68.6119982308803
0.0407083333333333,-444.075298914451
0.04071875,-696.629308670531
0.0407291666666667,-541.107317354128
0.0407395833333333,-68.6119982306502
0.04075,444.075298914629
0.0407604166666667,696.629308670522
0.0407708333333333,541.107317353981
0.04078125,68.6119982310538
0.0407916666666667,-444.075298914316
0.0408020833333333,-696.629308670545
0.0408125,-541.107317354036
0.0408229166666667,-68.6119982308236
0.0408333333333333,444.075298914495
0.04084375,696.629308670505
0.0408541666666667,541.107317354091
0.0408645833333333,68.6119982305935
0.040875,1.61147519889449e-10
0.0408854166666667,-494.97474683051
0.0408958333333333,-700
0.04090625,-494.9747468308
0.0409166666666667,-2.48274730296002e-10
0.0409270833333333,494.974746830674
0.0409375,700
0.0409479166666667,494.974746830636
0.0409583333333333,1.70787950820297e-11
0.04096875,-494.974746830387
0.0409791666666667,-700
0.0409895833333333,-494.974746830473
0.041,-1.04206005488582e-10
0.0410104166666667,494.97474683055
0.0410208333333333,700
0.04103125,494.974746830759
0.0410416666666667,1.91333215895135e-10
0.0410520833333333,-494.974746830714
0.0410625,-700
0.0410729166666667,-494.974746830596
0.0410833333333333,-2.78460426301687e-10
0.04109375,494.974746830427
0.0411041666666667,700
0.0411145833333333,494.974746830658
0.041125,541.107317353946
0.0411354166666667,68.611998230682
0.0411458333333333,-444.075298914359
0.04115625,-696.629308670519
0.0411666666666667,-541.107317354001
0.0411770833333333,-68.6119982307687
0.0411875,444.075298914537
0.0411979166666667,696.629308670542
0.0412083333333333,541.107317354056
0.04121875,68.6119982308555
0.0412291666666667,-444.07529891447
0.0412395833333333,-696.629308670533
0.04125,-541.10731735391
0.0412604166666667,-68.6119982306253
0.0412708333333333,444.075298914403
0.04128125,696.629308670525
0.0412916666666667,541.107317354167
0.0413020833333333,68.611998230712
0.0413125,-444.075298914581
0.0413229166666667,-696.629308670516
0.0413333333333333,-541.10731735402
0.04134375,-68.6119982307987
0.0413541666666667,444.075298914268
0.0413645833333333,696.629308670539
0.041375,646.715672757926
0.0413854166666667,646.715672757975
0.0413958333333333,267.878402655689
0.04140625,-267.878402655491
0.0414166666666667,-646.715672757771
0.0414270833333333,-646.715672757887
0.0414375,-267.878402655475
0.0414479166666667,267.87840265541
0.0414583333333333,646.71567275786
0.04146875,646.71567275792
0.0414791666666667,267.87840265585
0.0414895833333333,-267.878402655624
0.0415,-646.715672757948
0.0415104166666667,-646.715672757953
0.0415208333333333,-267.878402655636
0.04153125,267.878402655249
0.0415416666666667,646.715672757793
0.0415520833333333,646.715672757865
0.0415625,267.878402655422
0.0415729166666667,-267.878402655463
0.0415833333333333,-646.715672757881
0.04159375,-646.71567275802
0.0416041666666667,-267.878402655797
0.0416145833333333,267.878402655676
0.041625,-68.6119982308293
0.0416354166666667,444.07529891449
0.0416458333333333,696.629308670536
0.04165625,541.107317354095
0.0416666666666667,68.611998230916
0.0416770833333333,-444.075298914423
0.0416875,-696.629308670527
0.0416979166666667,-541.107317353948
0.0417083333333333,-68.6119982306859
0.04171875,444.075298914356
0.0417291666666667,696.629308670519
0.0417395833333333,541.107317354206
0.04175,68.6119982307726
0.0417604166666667,-444.075298914534
0.0417708333333333,-696.629308670541
0.04178125,-541.107317354059
0.0417916666666667,-68.6119982308593
0.0418020833333333,444.075298914221
0.0418125,696.629308670533
0.0418229166666667,541.107317353912
0.0418333333333333,68.611998230946
0.04184375,-444.0752989144
0.0418541666666667,-696.629308670524
0.0418645833333333,-541.107317354169
0.041875,-700
0.0418854166666667,-494.974746830559
0.0418958333333333,-2.26535140402666e-10
0.04190625,494.974746830464
0.0419166666666667,700
0.0419270833333333,494.974746830846
0.0419375,-4.66079481130666e-12
0.0419479166666667,-494.974746830627
0.0419583333333333,-700
0.04196875,-494.974746830682
0.0419791666666667,-8.24664155952459e-11
0.0419895833333333,494.974746830341
0.042,700
0.0420104166666667,494.974746830519
0.0420208333333333,1.69593626001799e-10
0.04203125,-494.974746830504
0.0420416666666667,-700
0.0420520833333333,-494.974746830806
0.0420625,6.16023092121738e-11
0.0420729166666667,494.974746830443
0.0420833333333333,700
0.04209375,494.974746830642
0.0421041666666667,3.43848046814904e-10
0.0421145833333333,-494.974746830381
0.042125,68.6119982306025
0.0421354166666667,-444.07529891442
0.0421458333333333,-696.629308670527
0.04215625,-541.107317353951
0.0421666666666667,-68.611998231006
0.0421770833333333,444.075298914353
0.0421875,696.629308670549
0.0421979166666667,541.107317354006
0.0422083333333333,68.6119982307759
0.04221875,-444.075298914532
0.0422291666666667,-696.62930867051
0.0422395833333333,-541.107317354061
0.04225,-68.6119982305458
0.0422604166666667,444.075298914464
0.0422708333333333,696.629308670532
0.04228125,541.107317353914
0.0422916666666667,68.6119982309493
0.0423020833333333,-444.075298914397
0.0423125,-696.629308670555
0.0423229166666667,-541.10731735397
0.0423333333333333,-68.6119982307193
0.04234375,444.07529891433
0.0423541666666667,696.629308670515
0.0423645833333333,541.107317354025
0.042375,646.715672757857
0.0423854166666667,646.715672757922
0.0423958333333333,267.878402655562
0.04240625,-267.878402655323
0.0424166666666667,-646.715672757824
0.0424270833333333,-646.715672757956
0.0424375,-267.878402655642
0.0424479166666667,267.878402655537
0.0424583333333333,646.715672757912
0.04246875,646.715672757989
0.0424791666666667,267.878402655723
0.0424895833333333,-267.878402655456
0.0425,-646.715672757879
0.0425104166666667,-646.715672757901
0.0425208333333333,-267.878402655509
0.04253125,267.878402655376
0.0425416666666667,646.715672757845
0.0425520833333333,646.715672758056
0.0425625,267.87840265559
0.0425729166666667,-267.878402655589
0.0425833333333333,-646.715672757812
0.04259375,-646.715672757967
0.0426041666666667,-267.87840265567
0.0426145833333333,267.878402655215
0.042625,-541.107317353916
0.0426354166666667,-68.6119982306356
0.0426458333333333,444.075298914395
0.04265625,696.629308670524
0.0426666666666667,541.107317353972
0.0426770833333333,68.6119982310391
0.0426875,-444.075298914573
0.0426979166666667,-696.629308670546
0.0427083333333333,-541.107317354027
0.04271875,-68.611998230809
0.0427291666666667,444.075298914506
0.0427395833333333,696.629308670507
0.04275,541.10731735388
0.0427604166666667,68.6119982305788
0.0427708333333333,-444.075298914439
0.04278125,-696.629308670529
0.0427916666666667,-541.107317354137
0.0428020833333333,-68.6119982309824
0.0428125,444.075298914617
0.0428229166666667,696.629308670552
0.0428333333333333,541.107317353991
0.04284375,68.6119982307523
0.0428541666666667,-444.075298914304
0.0428645833333333,-696.629308670512
0.042875,-1.13613320387136e-10
0.0428854166666667,-494.974746830479
0.0428958333333333,-700
0.04290625,-494.974746830605
0.0429166666666667,-2.91837035639941e-10
0.0429270833333333,494.974746830418
0.0429375,700
0.0429479166666667,494.974746830667
0.0429583333333333,6.06411004259692e-11
0.04296875,-494.974746830581
0.0429791666666667,-700
0.0429895833333333,-494.974746830729
0.043,-1.47768310832522e-10
0.0430104166666667,494.97474683052
0.0430208333333333,700
0.04303125,494.974746830565
0.0430416666666667,2.34895521239074e-10
0.0430520833333333,-494.974746830458
0.0430625,-700
0.0430729166666667,-494.974746830627
0.0430833333333333,-3.69958602510208e-12
0.04309375,494.974746830396
0.0431041666666667,700
0.0431145833333333,494.974746830688
0.043125,444.075298914235
0.0431354166666667,696.629308670535
0.0431458333333333,541.1073173539
0.04315625,68.6119982309274
0.0431666666666667,-444.075298914414
0.0431770833333333,-696.629308670526
0.0431875,-541.107317354158
0.0431979166666667,-68.6119982306972
0.0432083333333333,444.075298914593
0.04321875,696.629308670518
0.0432291666666667,541.107317354011
0.0432395833333333,68.6119982307839
0.04325,-444.075298914279
0.0432604166666667,-696.62930867054
0.0432708333333333,-541.107317353864
0.04328125,-68.6119982308706
0.0432916666666667,444.075298914458
0.0433020833333333,696.6293086705
0.0433125,541.107317354122
0.0433229166666667,68.6119982306406
0.0433333333333333,-444.075298914637
0.04334375,-696.629308670523
0.0433541666666667,-541.107317353975
0.0433645833333333,-68.611998231044
0.043375,-646.715672757788
0.0433854166666667,-646.715672757869
0.0433958333333333,-267.878402655728
0.04340625,267.878402655451
0.0434166666666667,646.715672757877
0.0434270833333333,646.715672758025
0.0434375,267.878402655808
0.0434479166666667,-267.878402655665
0.0434583333333333,-646.715672757843
0.04346875,-646.715672757936
0.0434791666666667,-267.878402655595
0.0434895833333333,267.87840265529
0.0435,646.71567275781
0.0435104166666667,646.715672757848
0.0435208333333333,267.878402655675
0.04353125,-267.878402655504
0.0435416666666667,-646.715672757898
0.0435520833333333,-646.715672758003
0.0435625,-267.878402655756
0.0435729166666667,267.878402655717
0.0435833333333333,646.715672757865
0.04359375,646.715672757914
0.0436041666666667,267.878402655836
0.0436145833333333,-267.878402655343
0.043625,696.62930867052
0.0436354166666667,541.107317353994
0.0436458333333333,68.6119982307574
0.04365625,-444.075298914546
0.0436666666666667,-696.629308670512
0.0436770833333333,-541.107317354049
0.0436875,-68.6119982308442
0.0436979166666667,444.075298914479
0.0437083333333333,696.629308670534
0.04371875,541.107317353903
0.0437291666666667,68.6119982309309
0.0437395833333333,-444.075298914411
0.04375,-696.629308670526
0.0437604166666667,-541.107317353958
0.0437708333333333,-68.6119982307008
0.04378125,444.07529891459
0.0437916666666667,696.629308670517
0.0438020833333333,541.107317354013
0.0438125,68.6119982311043
0.0438229166666667,-444.075298914523
0.0438333333333333,-696.62930867054
0.04384375,-541.107317354068
0.0438541666666667,-68.6119982308742
0.0438645833333333,444.075298914455
0.043875,-700
0.0438854166666667,-494.97474683059
0.0438958333333333,4.83971504258004e-11
0.04390625,494.974746830433
0.0439166666666667,700
0.0439270833333333,494.974746830652
0.0439375,3.57053205601277e-10
0.0439479166666667,-494.974746830597
0.0439583333333333,-700
0.04396875,-494.974746830713
0.0439791666666667,-1.25857270387305e-10
0.0439895833333333,494.974746830535
0.044,700
0.0440104166666667,494.97474683055
0.0440208333333333,-1.05338664826668e-10
0.04403125,-494.974746830473
0.0440416666666667,-700
0.0440520833333333,-494.974746830611
0.0440625,-3.0011169120041e-10
0.0440729166666667,494.974746830637
0.0440833333333333,700
0.04409375,494.974746830673
0.0441041666666667,6.89157559864376e-11
0.0441145833333333,-494.97474683035
0.044125,696.629308670511
0.0441354166666667,541.107317353849
0.0441458333333333,68.6119982308474
0.04415625,-444.075298914476
0.0441666666666667,-696.629308670534
0.0441770833333333,-541.107317354107
0.0441875,-68.6119982309341
0.0441979166666667,444.075298914655
0.0442083333333333,696.629308670525
0.04421875,541.10731735396
0.0442291666666667,68.611998230704
0.0442395833333333,-444.075298914341
0.04425,-696.629308670517
0.0442604166666667,-541.107317353813
0.0442708333333333,-68.6119982307907
0.04428125,444.07529891452
0.0442916666666667,696.629308670539
0.0443020833333333,541.10731735407
0.0443125,68.6119982308774
0.0443229166666667,-444.075298914207
0.0443333333333333,-696.629308670531
0.04434375,-541.107317353924
0.0443541666666667,-68.6119982309641
0.0443645833333333,444.075298914385
0.044375,-646.715672757841
0.0443854166666667,-646.71567275806
0.0443958333333333,-267.878402655601
0.04440625,267.878402655578
0.0444166666666667,646.715672757808
0.0444270833333333,646.715672757972
0.0444375,267.878402655681
0.0444479166666667,-267.878402655204
0.0444583333333333,-646.715672757896
0.04446875,-646.715672757883
0.0444791666666667,-267.878402655762
0.0444895833333333,267.878402655417
0.0445,646.715672757863
0.0445104166666667,646.715672758039
0.0445208333333333,267.878402655548
0.04453125,-267.878402655631
0.0445416666666667,-646.715672757829
0.0445520833333333,-646.71567275795
0.0445625,-267.878402655923
0.0445729166666667,267.878402655256
0.0445833333333333,646.715672757918
0.04459375,646.715672757862
0.0446041666666667,267.878402655709
0.0446145833333333,-267.87840265547
0.044625,444.075298914274
0.0446354166666667,696.629308670508
0.0446458333333333,541.107317353869
0.04465625,68.611998230878
0.0446666666666667,-444.075298914452
0.0446770833333333,-696.629308670531
0.0446875,-541.107317354126
0.0446979166666667,-68.6119982309646
0.0447083333333333,444.075298914631
0.04471875,696.629308670522
0.0447291666666667,541.10731735398
0.0447395833333333,68.6119982307346
0.04475,-444.075298914318
0.0447604166666667,-696.629308670514
0.0447708333333333,-541.107317353833
0.04478125,-68.6119982308213
0.0447916666666667,444.075298914496
0.0448020833333333,696.629308670536
0.0448125,541.10731735409
0.0448229166666667,68.611998230908
0.0448333333333333,-444.075298914675
0.04484375,-696.629308670528
0.0448541666666667,-541.107317353943
0.0448645833333333,-68.6119982309947
0.044875,2.49172679261147e-10
0.0448854166666667,-494.974746830448
0.0448958333333333,-700
0.04490625,-494.974746830637
0.0449166666666667,-1.7976744047175e-11
0.0449270833333333,494.974746830386
0.0449375,700
0.0449479166666667,494.974746830698
0.0449583333333333,1.05103954453728e-10
0.04496875,-494.97474683055
0.0449791666666667,-700
0.0449895833333333,-494.97474683076
0.045,-1.9223116486028e-10
0.0450104166666667,494.974746830488
0.0450208333333333,700
0.04503125,494.974746830597
0.0450416666666667,-3.89647703536921e-11
0.0450520833333333,-494.974746830427
0.0450625,-700
0.0450729166666667,-494.974746830883
0.0450833333333333,-4.81624400528605e-11
0.04509375,494.97474683059
0.0451041666666667,700
0.0451145833333333,494.97474683072
0.045125,-541.107317354
0.0451354166666667,-68.6119982310841
0.0451458333333333,444.075298914538
0.04515625,696.629308670542
0.0451666666666667,541.107317354056
0.0451770833333333,68.6119982308541
0.0451875,-444.075298914471
0.0451979166666667,-696.629308670502
0.0452083333333333,-541.107317353909
0.04521875,-68.611998230624
0.0452291666666667,444.075298914404
0.0452395833333333,696.629308670525
0.04525,541.107317353964
0.0452604166666667,68.6119982310275
0.0452708333333333,-444.075298914582
0.04528125,-696.629308670547
0.0452916666666667,-541.107317354019
0.0453020833333333,-68.6119982307974
0.0453125,444.075298914515
0.0453229166666667,696.629308670507
0.0453333333333333,541.107317353873
0.04534375,68.6119982305673
0.0453541666666667,-444.075298914448
0.0453645833333333,-696.62930867053
0.045375,646.715672757771
0.0453854166666667,646.715672758009
0.0453958333333333,267.878402655476
0.04540625,-267.878402655409
0.0454166666666667,-646.715672757859
0.0454270833333333,-646.71567275792
0.0454375,-267.87840265585
0.0454479166666667,267.878402655329
0.0454583333333333,646.715672757948
0.04546875,646.715672757953
0.0454791666666667,267.878402655637
0.0454895833333333,-267.878402655542
0.0455,-646.715672757793
0.0455104166666667,-646.715672757987
0.0455208333333333,-267.878402655423
0.04553125,267.878402655462
0.0455416666666667,646.715672757881
0.0455520833333333,646.715672757898
0.0455625,267.878402655798
0.0455729166666667,-267.878402655381
0.0455833333333333,-646.715672757726
0.04559375,-646.715672757932
0.0456041666666667,-267.878402655584
0.0456145833333333,267.878402655301
0.045625,68.6119982309141
0.0456354166666667,-444.075298914424
0.0456458333333333,-696.629308670496
0.04565625,-541.107317353947
0.0456666666666667,-68.611998230684
0.0456770833333333,444.075298914357
0.0456875,696.629308670519
0.0456979166666667,541.107317354002
0.0457083333333333,68.6119982310875
0.04571875,-444.075298914536
0.0457291666666667,-696.629308670541
0.0457395833333333,-541.107317354058
0.04575,-68.6119982308575
0.0457604166666667,444.075298914468
0.0457708333333333,696.629308670502
0.04578125,541.107317353911
0.0457916666666667,68.6119982306274
0.0458020833333333,-444.075298914401
0.0458125,-696.629308670524
0.0458229166666667,-541.107317353966
0.0458333333333333,-68.6119982310309
0.04584375,444.07529891458
0.0458541666666667,696.629308670547
0.0458645833333333,541.107317354022
0.045875,-700
0.0458854166666667,-494.974746830845
0.0458958333333333,-3.12973948883022e-10
0.04590625,494.974746830628
0.0459166666666667,700
0.0459270833333333,494.974746830682
0.0459375,8.17780136690497e-11
0.0459479166666667,-494.974746830341
0.0459583333333333,-700
0.04596875,-494.974746830518
0.0459791666666667,-1.68905224075602e-10
0.0459895833333333,494.974746830505
0.046,700
0.0460104166666667,494.974746830805
0.0460208333333333,2.56032434482155e-10
0.04603125,-494.974746830668
0.0460416666666667,-700
0.0460520833333333,-494.974746830642
0.0460625,-2.48364992681826e-11
0.0460729166666667,494.974746830381
0.0460833333333333,700
0.04609375,494.974746830478
0.0461041666666667,1.11963709674735e-10
0.0461145833333333,-494.974746830545
0.046125,-68.6119982310065
0.0461354166666667,444.075298914353
0.0461458333333333,696.629308670518
0.04615625,541.107317353804
0.0461666666666667,68.6119982307764
0.0461770833333333,-444.075298914531
0.0461875,-696.62930867051
0.0461979166666667,-541.107317354061
0.0462083333333333,-68.6119982308631
0.04621875,444.075298914464
0.0462291666666667,696.629308670532
0.0462395833333333,541.107317353915
0.04625,68.6119982309498
0.0462604166666667,-444.075298914397
0.0462708333333333,-696.629308670524
0.04628125,-541.10731735397
0.0462916666666667,-68.6119982307197
0.0463020833333333,444.075298914575
0.0463125,696.629308670515
0.0463229166666667,541.107317354025
0.0463333333333333,68.6119982311232
0.04634375,-444.075298914508
0.0463541666666667,-696.629308670538
0.0463645833333333,-541.107317353879
0.046375,646.715672757823
0.0463854166666667,646.715672757956
0.0463958333333333,267.878402655937
0.04640625,-267.878402655536
0.0464166666666667,-646.715672757912
0.0464270833333333,-646.715672757989
0.0464375,-267.878402655723
0.0464479166666667,267.878402655456
0.0464583333333333,646.715672757757
0.04646875,646.715672757901
0.0464791666666667,267.87840265551
0.0464895833333333,-267.878402655375
0.0465,-646.715672757845
0.0465104166666667,-646.715672757934
0.0465208333333333,-267.878402655884
0.04653125,267.878402655589
0.0465416666666667,646.715672757934
0.0465520833333333,646.715672757968
0.0465625,267.878402655671
0.0465729166666667,-267.878402655508
0.0465833333333333,-646.715672757779
0.04659375,-646.715672757879
0.0466041666666667,-267.878402655457
0.0466145833333333,267.878402655428
0.046625,541.107317353969
0.0466354166666667,68.6119982310344
0.0466458333333333,-444.075298914331
0.04665625,-696.629308670547
0.0466666666666667,-541.107317354024
0.0466770833333333,-68.6119982308043
0.0466875,444.07529891451
0.0466979166666667,696.629308670507
0.0467083333333333,541.107317354079
0.04671875,68.6119982305743
0.0467291666666667,-444.075298914442
0.0467395833333333,-696.62930867053
0.04675,-541.107317353932
0.0467604166666667,-68.6119982309778
0.0467708333333333,444.075298914375
0.04678125,696.629308670552
0.0467916666666667,541.107317353988
0.0468020833333333,68.6119982307476
0.0468125,-444.075298914554
0.0468229166666667,-696.629308670513
0.0468333333333333,-541.107317354043
0.04684375,-68.6119982305176
0.0468541666666667,444.075298914486
0.0468645833333333,696.629308670535
0.046875,2.87075383247243e-10
0.0468854166666667,-494.974746830421
0.0468958333333333,-700
0.04690625,-494.974746830889
0.0469166666666667,-5.58794480332712e-11
0.0469270833333333,494.974746830585
0.0469375,700
0.0469479166666667,494.974746830725
0.0469583333333333,1.43006658439824e-10
0.04696875,-494.974746830298
0.0469791666666667,-700
0.0469895833333333,-494.974746830562
0.047,-2.30133868846376e-10
0.0470104166666667,494.974746830461
0.0470208333333333,700
0.04703125,494.974746830848
0.0470416666666667,-1.06206636759589e-12
0.0470520833333333,-494.974746830625
0.0470625,-700
0.0470729166666667,-494.974746830685
0.0470833333333333,-8.60651440389567e-11
0.04709375,494.974746830338
0.0471041666666667,700
0.0471145833333333,494.974746830521
0.047125,-444.075298914415
0.0471354166666667,-696.629308670526
0.0471458333333333,-541.107317354157
0.04715625,-68.6119982310129
0.0471666666666667,444.075298914594
0.0471770833333333,696.629308670518
0.0471875,541.10731735401
0.0471979166666667,68.6119982307827
0.0472083333333333,-444.07529891428
0.04721875,-696.629308670509
0.0472291666666667,-541.107317353864
0.0472395833333333,-68.6119982308695
0.04725,444.075298914459
0.0472604166666667,696.629308670532
0.0472708333333333,541.107317354121
0.04728125,68.6119982309562
0.0472916666666667,-444.075298914638
0.0473020833333333,-696.629308670523
0.0473125,-541.107317353974
0.0473229166666667,-68.6119982307261
0.0473333333333333,444.075298914324
0.04734375,696.629308670515
0.0473541666666667,541.107317353827
0.0473645833333333,68.6119982308128
0.047375,-646.715672757877
0.0473854166666667,-646.715672758024
0.0473958333333333,-267.878402655807
0.04740625,267.878402655372
0.0474166666666667,646.715672757966
0.0474270833333333,646.715672757936
0.0474375,267.878402655594
0.0474479166666667,-267.878402655291
0.0474583333333333,-646.71567275781
0.04746875,-646.715672757969
0.0474791666666667,-267.878402655674
0.0474895833333333,267.878402655505
0.0475,646.715672757899
0.0475104166666667,646.715672758002
0.0475208333333333,267.878402655755
0.04753125,-267.878402655424
0.0475416666666667,-646.715672757866
0.0475520833333333,-646.715672757914
0.0475625,-267.878402655541
0.0475729166666667,267.878402655344
0.0475833333333333,646.715672757832
0.04759375,646.715672758069
0.0476041666666667,267.878402655622
0.0476145833333333,-267.878402655558
0.047625,-696.629308670543
0.0476354166666667,-541.10731735405
0.0476458333333333,-68.6119982308453
0.04765625,444.075298914232
0.0476666666666667,696.629308670534
0.0476770833333333,541.107317353903
0.0476875,68.611998230932
0.0476979166666667,-444.07529891441
0.0477083333333333,-696.629308670526
0.04771875,-541.107317354161
0.0477291666666667,-68.611998230702
0.0477395833333333,444.075298914589
0.04775,696.629308670517
0.0477604166666667,541.107317354014
0.0477708333333333,68.6119982307887
0.04778125,-444.075298914276
0.0477916666666667,-696.62930867054
0.0478020833333333,-541.107317353867
0.0478125,-68.6119982308754
0.0478229166666667,444.075298914454
0.0478333333333333,696.629308670531
0.04784375,541.107317354124
0.0478541666666667,68.6119982306453
0.0478645833333333,-444.075298914633
0.047875,-0
0.0478854166666667,0
0.0478958333333333,0
0.04790625,0
0.0479166666666667,0
0.0479270833333333,0
0.0479375,0
0.0479479166666667,-0
0.0479583333333333,-0
0.04796875,0
0.0479791666666667,0
0.0479895833333333,0
